 ListingID,Link,Host ID,Listing Type,lat,lng,Bedrooms,Bathrooms,Base Guests,Star Rating,Reviews,Price,Occupancy,Revenue,Active Nights,Min Stay,Booking Window,LOS,Dynamic Pricing,Professionally Managed,Beachfront,Hottub,Kitchen,Pets Allowed,Pool,EV Charger,new_listing,id
360,https://www.airbnb.com/rooms/360,666,Entire guesthouse,39.7664146423,-105.0020980835,2,1.0,3,4.99,179,109.0,86.0,33656.0,306.0,30,23.0,32.0,High,Small,No,Yes,Yes,No,No,No,0,349
632709,https://www.airbnb.com/rooms/632709,2157095,Entire townhouse,39.76468,-105.00883,2,2.0,4,4.88,162,143.0,67.0,11705.0,139.0,29,5.0,1.0,None,Small,No,No,Yes,Yes,No,No,0,350
665622,https://www.airbnb.com/rooms/665622,3364096,Entire rental unit,39.7616,-105.01235,2,1.0,4,4.72,857,146.0,83.0,13967.0,197.0,29,32.0,29.0,None,Small,No,No,Yes,No,No,No,0,351
1041934,https://www.airbnb.com/rooms/1041934,5811115,Entire guest suite,39.78027,-105.03808,2,1.0,4,4.89,38,214.0,76.0,17584.0,259.0,30,36.0,30.0,Moderate,Small,No,No,Yes,Yes,No,Yes,0,352
1069351,https://www.airbnb.com/rooms/1069351,3577356,Entire home,39.77389,-105.0106,2,1.5,4,4.6,5,100.0,65.0,5640.0,92.0,30,43.0,60.0,None,Individual,No,No,Yes,No,No,No,0,353
1581384,https://www.airbnb.com/rooms/1581384,8410190,Entire rental unit,39.76779,-105.05005,2,1.0,2,4.63,84,124.0,81.0,13704.0,222.0,30,45.0,30.0,None,Small,No,No,Yes,No,No,No,0,354
2827887,https://www.airbnb.com/rooms/2827887,5181201,Entire home,39.7682,-105.00232,2,2.0,4,4.7,20,150.0,75.0,9210.0,105.0,30,136.5,30.0,None,Small,No,No,Yes,No,No,No,0,355
3094167,https://www.airbnb.com/rooms/3094167,8410190,Entire home,39.76169,-105.03382,2,1.5,2,4.79,38,500.0,6.0,2615.0,284.0,30,66.0,1.0,None,Small,No,No,Yes,Yes,No,No,0,356
3810191,https://www.airbnb.com/rooms/3810191,7879432,Entire bungalow,39.77321,-105.02888,2,1.0,4,4.78,46,125.0,90.0,28359.0,258.0,3,2.5,2.0,None,Small,No,No,Yes,Yes,No,No,0,357
4180622,https://www.airbnb.com/rooms/4180622,5416557,Entire guesthouse,39.77658,-105.04629,2,1.0,3,4.93,239,150.0,34.0,13421.0,322.0,30,4.0,18.0,None,Small,No,No,Yes,No,No,No,0,358
4817072,https://www.airbnb.com/rooms/4817072,3404287,Entire home,39.76294,-105.01121,2,1.0,5,4.64,333,99.0,78.0,5546.0,76.0,29,193.0,16.0,None,Individual,No,No,Yes,Yes,No,No,0,359
7004475,https://www.airbnb.com/rooms/7004475,27502851,Entire home,39.77981,-105.02338,2,1.0,3,5.0,2,200.0,24.0,3131.0,132.0,29,0.0,31.0,None,Individual,No,No,Yes,No,No,No,1,360
7603546,https://www.airbnb.com/rooms/7603546,18274641,Entire home,39.76502,-105.03364,2,2.0,6,4.84,288,225.0,90.0,59045.0,270.0,29,15.0,8.0,None,Small,No,No,Yes,Yes,No,No,0,361
7931953,https://www.airbnb.com/rooms/7931953,6065807,Entire home,39.7608150245,-105.0185825292,2,1.0,5,4.82,710,250.0,72.0,50512.0,344.0,1,22.5,3.0,High,Small,No,No,Yes,Yes,No,No,0,362
7948813,https://www.airbnb.com/rooms/7948813,41917396,Entire home,39.7561,-105.04096,2,1.0,4,4.86,290,149.0,87.0,35592.0,350.0,1,24.0,3.0,None,Individual,No,No,Yes,No,No,No,0,363
8500786,https://www.airbnb.com/rooms/8500786,44762212,Entire bungalow,39.7635,-105.03061,2,1.0,4,4.97,31,300.0,28.0,7050.0,65.0,1,93.5,4.0,None,Small,No,No,Yes,No,No,No,0,364
8623055,https://www.airbnb.com/rooms/8623055,4156700,Private room in townhouse,39.75025,-105.03872,2,1.5,6,4.93,83,800.0,17.0,14513.0,348.0,1,13.5,2.0,None,Small,No,Yes,Yes,No,No,No,0,365
9633450,https://www.airbnb.com/rooms/9633450,16072418,Entire townhouse,39.75527,-105.02229,2,2.0,4,4.97,510,198.0,82.0,56598.0,350.0,1,14.5,2.0,None,Individual,No,Yes,Yes,Yes,No,No,0,366
9997587,https://www.airbnb.com/rooms/9997587,23467484,Entire home,39.75449,-105.02216,2,1.0,4,4.88,77,199.0,0.0,0.0,365.0,2,0.0,0.0,None,Individual,No,Yes,Yes,No,No,No,0,367
10363495,https://www.airbnb.com/rooms/10363495,53337369,Entire guesthouse,39.76484,-105.01875,2,1.0,4,4.97,349,145.0,89.0,41885.0,334.0,3,77.0,4.0,Low,Individual,No,No,Yes,No,No,No,0,368
11123088,https://www.airbnb.com/rooms/11123088,57793441,Entire home,39.75681,-105.02667,2,1.0,4,4.93,105,107.0,63.0,15116.0,232.0,29,40.0,30.0,Low,Individual,No,No,Yes,Yes,No,No,0,369
11127739,https://www.airbnb.com/rooms/11127739,191018778,Entire loft,39.77146,-105.04328,2,1.5,7,4.94,552,110.0,73.0,36385.0,331.0,33,39.0,2.0,Moderate,Small,No,No,Yes,No,No,No,0,370
11789571,https://www.airbnb.com/rooms/11789571,48525049,Entire rental unit,39.76346,-105.03519,2,1.0,4,4.88,559,120.0,90.0,30240.0,283.0,1,27.0,3.0,Low,Small,No,No,Yes,No,No,No,0,371
12105336,https://www.airbnb.com/rooms/12105336,7171834,Entire townhouse,39.76196,-105.01507,2,2.5,4,4.94,49,400.0,95.0,86126.0,242.0,2,49.5,4.0,None,Individual,No,No,Yes,No,No,No,0,372
12953524,https://www.airbnb.com/rooms/12953524,62569079,Entire townhouse,39.75053,-105.02392,2,2.0,6,4.99,212,500.0,34.0,52548.0,344.0,3,31.0,3.0,Moderate,Individual,No,Yes,Yes,No,No,No,0,373
12996773,https://www.airbnb.com/rooms/12996773,44105547,Private room in bungalow,39.77588,-105.02845,2,1.0,4,5.0,39,200.0,32.0,14584.0,224.0,3,53.0,4.5,None,Small,No,No,No,No,No,No,0,374
13280979,https://www.airbnb.com/rooms/13280979,25772700,Entire home,39.76446,-105.03415,2,2.0,4,5.0,45,400.0,95.0,166060.0,360.0,3,49.0,5.0,Moderate,Individual,No,No,Yes,Yes,No,No,0,375
13330646,https://www.airbnb.com/rooms/13330646,9759896,Entire home,39.7635,-105.02266,2,1.0,4,4.8,99,105.0,56.0,11880.0,206.0,30,37.0,39.0,Low,Small,No,No,Yes,No,No,No,0,376
13449331,https://www.airbnb.com/rooms/13449331,14949477,Entire rental unit,39.77165,-105.02229,2,1.0,6,4.98,592,169.0,89.0,46087.0,346.0,2,68.5,3.0,High,Individual,No,No,Yes,No,No,No,0,377
13454155,https://www.airbnb.com/rooms/13454155,142202943,Entire townhouse,39.76032,-105.01571,2,2.5,6,4.93,158,492.0,72.0,91551.0,287.0,1,33.0,3.0,High,Large,No,No,Yes,No,No,No,0,378
14103909,https://www.airbnb.com/rooms/14103909,23829799,Entire bungalow,39.77459,-105.01496,2,1.0,4,5.0,28,245.0,78.0,43447.0,311.0,2,57.5,4.0,High,Small,No,No,Yes,No,No,No,0,379
14231430,https://www.airbnb.com/rooms/14231430,83388603,Entire home,39.7611475,-105.0115782,2,1.0,2,5.0,26,151.0,94.0,23551.0,185.0,2,38.5,4.0,None,Individual,No,No,Yes,No,No,No,1,380
14800540,https://www.airbnb.com/rooms/14800540,42450360,Entire rental unit,39.75824,-105.02584,2,1.0,4,4.94,172,100.0,38.0,5183.0,192.0,30,17.0,32.0,Moderate,Small,No,No,Yes,No,No,No,0,381
14828379,https://www.airbnb.com/rooms/14828379,40144737,Entire townhouse,39.7595,-105.01359,2,2.5,4,4.99,135,189.0,86.0,60627.0,345.0,5,16.0,6.0,High,Small,No,No,Yes,No,No,No,0,382
15957321,https://www.airbnb.com/rooms/15957321,6807612,Entire bungalow,39.772,-105.03437,2,2.0,4,4.87,98,198.0,83.0,33170.0,204.0,30,5.0,17.0,Low,Small,No,No,Yes,Yes,No,No,0,383
16289371,https://www.airbnb.com/rooms/16289371,106558951,Entire condo,39.74888,-105.02169,2,1.0,6,4.93,16,155.0,38.0,11780.0,202.0,30,174.0,1.0,None,Individual,No,No,Yes,Yes,No,No,0,384
17574946,https://www.airbnb.com/rooms/17574946,119362843,Entire guest suite,39.76969,-105.04954,2,1.0,6,4.94,223,126.0,56.0,29202.0,362.0,2,53.0,4.0,None,Individual,No,No,Yes,No,No,No,0,385
18238680,https://www.airbnb.com/rooms/18238680,8011160,Entire home,39.76166,-105.01069,2,2.5,4,4.93,41,569.0,0.0,0.0,365.0,29,0.0,0.0,None,Small,No,No,Yes,Yes,No,No,0,386
18409562,https://www.airbnb.com/rooms/18409562,5882721,Entire townhouse,39.74954,-105.02949,2,1.0,4,5.0,14,140.0,61.0,6718.0,108.0,29,54.0,30.0,None,Individual,No,No,Yes,Yes,No,No,0,387
18810636,https://www.airbnb.com/rooms/18810636,20704706,Entire townhouse,39.74616,-105.0323,2,1.5,15,4.96,27,381.0,5.0,3798.0,214.0,30,41.0,4.0,None,Small,No,No,Yes,No,No,No,0,388
19113386,https://www.airbnb.com/rooms/19113386,26794160,Entire townhouse,39.76381,-105.00375,2,1.0,4,4.96,142,134.0,10.0,3775.0,364.0,30,0.0,0.0,None,Individual,No,No,Yes,No,No,No,0,389
19366977,https://www.airbnb.com/rooms/19366977,41540223,Entire townhouse,39.77216,-105.00888,2,1.0,4,4.88,26,319.0,82.0,11449.0,63.0,1,9.0,7.0,None,Small,No,No,Yes,Yes,No,No,0,390
19543488,https://www.airbnb.com/rooms/19543488,137271550,Entire bungalow,39.76279,-105.03576,2,1.0,4,5.0,17,259.0,89.0,3416.0,18.0,4,32.0,3.0,None,Individual,No,No,Yes,No,No,No,0,391
19751421,https://www.airbnb.com/rooms/19751421,54348240,Entire home,39.77235,-105.0088,2,1.0,4,4.76,255,149.0,98.0,30579.0,354.0,29,37.0,33.0,None,Individual,No,No,Yes,Yes,No,No,0,392
20211505,https://www.airbnb.com/rooms/20211505,21899708,Entire townhouse,39.77662,-105.01914,2,2.0,6,4.88,378,199.0,68.0,50416.0,361.0,1,84.0,3.0,Low,Small,No,No,Yes,No,No,No,0,393
20227444,https://www.airbnb.com/rooms/20227444,144123521,Entire guest suite,39.76246,-105.04655,2,1.0,5,4.87,175,126.5,90.0,29639.0,333.0,2,26.0,7.0,High,Small,No,No,Yes,No,No,No,0,394
20331352,https://www.airbnb.com/rooms/20331352,36400258,Entire townhouse,39.75016,-105.02262,2,3.0,9,4.86,43,375.0,89.0,64333.0,283.0,2,39.5,27.0,None,Individual,No,No,Yes,Yes,No,No,0,395
22014975,https://www.airbnb.com/rooms/22014975,49381817,Entire townhouse,39.75393,-105.0192,2,3.0,6,4.88,32,250.0,42.0,20504.0,289.0,29,0.0,30.0,None,Individual,No,No,Yes,Yes,No,No,0,396
22379059,https://www.airbnb.com/rooms/22379059,42450360,Entire rental unit,39.75827,-105.02583,2,1.0,4,4.97,129,100.0,58.0,5735.0,121.0,30,30.0,27.0,Low,Small,No,No,Yes,No,No,No,0,397
22506969,https://www.airbnb.com/rooms/22506969,5818653,Entire bungalow,39.76942,-105.01212,2,2.0,6,4.87,156,129.0,45.0,24817.0,333.0,29,13.5,13.0,None,Individual,No,No,Yes,Yes,No,No,0,398
23269276,https://www.airbnb.com/rooms/23269276,26748184,Entire home,39.7625190398,-105.0337280903,2,1.0,5,4.96,56,309.0,96.0,66593.0,270.0,3,48.0,3.0,High,Small,No,No,Yes,Yes,No,No,0,399
23630179,https://www.airbnb.com/rooms/23630179,88702022,Entire townhouse,39.75415,-105.01964,2,1.0,4,4.71,182,126.0,64.0,24814.0,275.0,2,30.0,3.0,High,Small,No,No,Yes,No,No,No,0,400
24349679,https://www.airbnb.com/rooms/24349679,70563805,Entire condo,39.75615,-105.0116,2,2.0,4,4.83,224,135.0,82.0,18063.0,226.0,29,8.0,18.0,None,Large,No,No,Yes,Yes,No,No,0,401
24541430,https://www.airbnb.com/rooms/24541430,13673065,Entire guest suite,39.77659,-105.0312,2,1.0,4,4.98,57,124.0,82.0,30078.0,362.0,2,49.0,4.0,Moderate,Individual,No,No,No,No,No,No,0,402
25309855,https://www.airbnb.com/rooms/25309855,140437558,Entire home,39.75263,-105.0202,2,2.0,4,4.79,52,115.0,84.0,15525.0,161.0,30,28.0,29.0,None,Small,No,No,Yes,Yes,No,No,0,403
25686732,https://www.airbnb.com/rooms/25686732,38047305,Entire townhouse,39.78166,-105.0274,2,2.5,4,5.0,19,300.0,57.0,61259.0,359.0,3,24.0,5.0,None,Individual,No,No,Yes,No,No,Yes,0,404
25733062,https://www.airbnb.com/rooms/25733062,193509629,Entire guesthouse,39.76353,-105.01,2,1.0,4,4.77,234,154.0,73.0,26990.0,352.0,2,23.5,3.5,None,Individual,No,No,Yes,No,No,No,0,405
26129760,https://www.airbnb.com/rooms/26129760,94846610,Entire townhouse,39.76194,-105.00723,2,2.5,6,4.91,82,432.0,67.0,103918.0,360.0,2,19.0,3.0,High,Small,No,Yes,Yes,No,No,No,0,406
26531088,https://www.airbnb.com/rooms/26531088,182297861,Entire townhouse,39.75947,-105.03076,2,1.0,6,4.88,75,149.0,60.0,8969.0,150.0,30,6.0,31.0,Moderate,Small,No,No,Yes,No,No,No,0,407
26812581,https://www.airbnb.com/rooms/26812581,263068637,Entire home,39.759098053,-105.0372009277,2,1.0,4,4.33,6,120.0,83.0,15331.0,167.0,29,3.0,48.0,Low,Small,No,Yes,Yes,No,No,No,0,408
26962690,https://www.airbnb.com/rooms/26962690,39664417,Entire home,39.7590827942,-105.0372238159,2,1.0,4,4.88,8,108.0,71.0,13585.0,191.0,30,13.0,22.5,Low,Individual,No,No,No,No,No,No,0,409
27465070,https://www.airbnb.com/rooms/27465070,137129486,Entire townhouse,39.76199,-105.02178,2,2.5,4,4.95,21,110.0,78.0,8250.0,96.0,29,83.0,19.0,None,Individual,No,No,Yes,No,No,No,1,410
27956187,https://www.airbnb.com/rooms/27956187,35948050,Entire townhouse,39.77045,-105.03899,2,1.0,4,5.0,6,225.0,0.0,0.0,204.0,5,0.0,0.0,None,Individual,No,Yes,Yes,Yes,No,No,0,411
28695010,https://www.airbnb.com/rooms/28695010,172528574,Entire rental unit,39.77092,-105.02385,2,1.0,4,4.94,356,86.0,76.0,23026.0,354.0,1,71.5,2.0,High,Individual,No,No,No,No,No,No,0,412
28914183,https://www.airbnb.com/rooms/28914183,182297861,Entire townhouse,39.75544,-105.01958,2,1.0,6,4.75,186,126.0,55.0,22100.0,273.0,2,35.0,2.0,High,Small,No,No,Yes,No,No,No,0,413
28939545,https://www.airbnb.com/rooms/28939545,52013990,Entire townhouse,39.76034,-105.01415,2,2.5,4,4.82,122,249.0,38.0,9048.0,153.0,30,0.0,0.0,Moderate,Individual,No,No,Yes,No,No,No,0,414
29830102,https://www.airbnb.com/rooms/29830102,1750207,Entire guesthouse,39.76195,-105.03986,2,1.0,6,4.98,261,220.0,74.0,56871.0,353.0,2,27.0,4.0,Moderate,Small,No,No,Yes,No,No,No,0,415
30189186,https://www.airbnb.com/rooms/30189186,7012234,Entire rental unit,39.77904,-105.03004,2,1.0,4,4.98,189,135.0,49.0,20671.0,329.0,7,4.0,3.5,Moderate,Individual,No,No,Yes,No,No,No,0,416
30890385,https://www.airbnb.com/rooms/30890385,230853527,Entire rental unit,39.76076,-105.05054,2,1.0,4,4.98,85,108.0,92.0,15873.0,162.0,2,23.0,6.0,Moderate,Individual,No,No,Yes,No,No,No,0,417
30912545,https://www.airbnb.com/rooms/30912545,175676976,Entire home,39.7715202367,-105.0028126839,2,1.0,6,5.0,9,275.0,66.0,17845.0,123.0,1,46.0,2.0,None,Individual,No,No,Yes,Yes,No,No,1,418
31692907,https://www.airbnb.com/rooms/31692907,130957760,Entire guest suite,39.75175,-105.01876,2,1.0,4,4.85,166,160.0,49.0,27579.0,357.0,1,24.5,3.0,None,Small,No,No,Yes,No,No,No,0,419
31797687,https://www.airbnb.com/rooms/31797687,22964606,Entire guest suite,39.77372,-105.01919,2,1.0,5,4.89,183,199.0,20.0,8481.0,355.0,2,3.0,4.0,None,Individual,No,No,Yes,No,No,No,0,420
31812671,https://www.airbnb.com/rooms/31812671,97130295,Entire townhouse,39.76097,-105.00911,2,2.5,4,4.98,52,379.0,69.0,98373.0,360.0,3,40.0,3.0,High,Small,No,No,Yes,No,No,No,0,421
31834061,https://www.airbnb.com/rooms/31834061,14063519,Entire home,39.77807,-105.01824,2,1.0,3,4.92,77,165.0,85.0,47904.0,333.0,3,54.5,3.0,Low,Individual,No,No,No,No,No,No,0,422
31857567,https://www.airbnb.com/rooms/31857567,17476121,Entire home,39.7529756599,-105.0460548006,2,2.0,6,5.0,18,378.0,68.0,47972.0,200.0,5,11.0,4.0,None,Small,No,Yes,Yes,No,No,No,1,423
31879211,https://www.airbnb.com/rooms/31879211,2203190,Entire home,39.77091,-105.03224,2,2.0,4,4.91,47,125.0,78.0,38823.0,363.0,1,59.0,5.0,High,Individual,No,No,Yes,Yes,No,No,0,424
32489204,https://www.airbnb.com/rooms/32489204,2995486,Entire home,39.77102,-105.03876,2,2.0,6,4.92,13,200.0,62.0,23336.0,256.0,29,34.0,1.0,None,Small,No,No,Yes,Yes,No,No,0,425
32525063,https://www.airbnb.com/rooms/32525063,107478989,Entire home,39.77674,-105.02271,2,1.0,4,4.92,12,90.0,86.0,27195.0,342.0,30,52.0,7.0,None,Small,No,No,Yes,No,No,No,0,426
33076734,https://www.airbnb.com/rooms/33076734,48635292,Entire home,39.77107,-105.01735,2,1.0,6,4.73,215,199.0,29.0,15390.0,361.0,1,8.0,3.0,High,Small,No,No,Yes,No,No,No,0,427
34869638,https://www.airbnb.com/rooms/34869638,52639692,Entire townhouse,39.76111,-105.0129,2,2.0,4,4.89,61,145.5,72.0,28461.0,302.0,30,16.0,30.0,None,Small,No,No,Yes,No,No,No,0,428
36234276,https://www.airbnb.com/rooms/36234276,17528370,Entire home,39.7651,-105.01248,2,1.0,5,5.0,15,89.0,75.0,14312.0,276.0,30,0.0,20.0,None,Small,No,No,Yes,Yes,No,No,0,429
36235699,https://www.airbnb.com/rooms/36235699,17528370,Entire home,39.7651,-105.01248,2,1.0,5,4.96,26,89.0,70.0,15805.0,298.0,30,3.0,29.0,None,Small,No,No,Yes,Yes,No,No,0,430
37021434,https://www.airbnb.com/rooms/37021434,58071049,Entire guest suite,39.7818984985,-105.0155410767,2,1.0,3,5.0,10,73.0,77.0,10313.0,189.0,29,1.0,2.0,None,Small,No,No,Yes,No,No,No,0,431
37335033,https://www.airbnb.com/rooms/37335033,280912396,Entire home,39.75228,-105.01933,2,2.0,4,4.83,6,116.0,33.0,3795.0,101.0,30,0.0,33.0,None,Individual,No,No,Yes,No,No,No,0,432
37586142,https://www.airbnb.com/rooms/37586142,1278574,Entire guest suite,39.7657938097,-105.017150901,2,1.0,4,4.8,65,75.0,90.0,18548.0,333.0,29,9.5,30.0,None,Small,No,No,Yes,No,No,No,0,433
37707661,https://www.airbnb.com/rooms/37707661,45743788,Entire guest suite,39.75382,-105.02893,2,1.0,4,4.81,186,126.0,80.0,19800.0,210.0,30,25.0,4.0,High,Moderate,No,No,Yes,No,No,No,0,434
37994926,https://www.airbnb.com/rooms/37994926,19296162,Entire guest suite,39.76333,-105.03722,2,1.0,4,5.0,67,125.0,4.0,2240.0,363.0,2,5.0,5.0,None,Individual,No,No,Yes,No,No,No,0,435
38381321,https://www.airbnb.com/rooms/38381321,219351029,Entire townhouse,39.76971,-105.02552,2,1.5,3,4.86,7,131.0,49.0,6420.0,130.0,30,16.0,30.0,None,Small,No,No,Yes,No,No,No,0,436
38513290,https://www.airbnb.com/rooms/38513290,42500700,Entire rental unit,39.78028,-105.01836,2,1.0,4,4.87,95,158.0,21.0,11605.0,309.0,29,4.0,3.0,None,Small,No,No,Yes,No,No,No,0,437
38516101,https://www.airbnb.com/rooms/38516101,222269797,Entire condo,39.7572,-105.01098,2,2.0,4,5.0,5,129.0,16.0,3090.0,184.0,30,0.0,30.0,None,Large,No,Yes,Yes,No,No,No,0,438
39020559,https://www.airbnb.com/rooms/39020559,91387449,Entire townhouse,39.77143,-105.0239,2,2.5,5,4.93,83,199.0,87.0,68185.0,363.0,1,28.0,3.0,High,Individual,No,No,Yes,No,No,Yes,0,439
39819197,https://www.airbnb.com/rooms/39819197,306342592,Entire home,39.77057,-105.0116,2,1.0,4,4.95,38,206.0,69.0,49454.0,356.0,2,33.0,3.0,Low,Individual,No,No,Yes,No,No,No,0,440
39914868,https://www.airbnb.com/rooms/39914868,90602667,Entire home,39.76172,-105.02813,2,1.0,4,4.56,77,72.0,81.0,16957.0,256.0,1,39.0,2.0,None,Small,No,No,No,No,No,No,0,441
41976075,https://www.airbnb.com/rooms/41976075,219524979,Entire rental unit,39.76271,-105.00601,2,1.0,6,4.53,92,238.0,50.0,49172.0,321.0,2,10.0,1.0,High,Large,No,No,Yes,No,No,No,0,442
42747872,https://www.airbnb.com/rooms/42747872,764912,Entire home,39.7682,-105.0077,2,2.0,4,4.6,25,250.0,24.0,8616.0,155.0,29,9.5,19.0,None,Small,No,No,Yes,Yes,No,No,0,443
42790978,https://www.airbnb.com/rooms/42790978,24616866,Entire guesthouse,39.77839,-105.04357,2,1.0,4,4.95,83,195.0,87.0,51370.0,312.0,2,56.0,5.0,Moderate,Individual,No,No,Yes,No,No,No,0,444
43070516,https://www.airbnb.com/rooms/43070516,342837213,Entire rental unit,39.77645,-105.04459,2,1.0,4,4.79,122,154.0,69.0,35847.0,358.0,1,29.0,3.0,High,Small,No,No,Yes,No,No,No,0,445
43070547,https://www.airbnb.com/rooms/43070547,342837213,Entire rental unit,39.77453,-105.04531,2,1.0,4,4.87,141,152.0,68.0,36550.0,357.0,1,35.5,3.0,High,Small,No,No,Yes,No,No,No,0,446
43070564,https://www.airbnb.com/rooms/43070564,342837213,Entire rental unit,39.77567,-105.04535,2,1.0,4,4.82,136,150.0,71.0,35496.0,340.0,1,45.0,3.0,High,Small,No,No,Yes,No,No,No,0,447
43123712,https://www.airbnb.com/rooms/43123712,1278574,Entire guest suite,39.7664683055,-105.015140954,2,1.0,4,5.0,4,111.0,62.0,4169.0,73.0,30,5.0,15.0,None,Small,No,No,Yes,No,No,No,0,448
43259954,https://www.airbnb.com/rooms/43259954,75621021,Entire home,39.76919,-105.03645,2,1.0,5,4.72,86,120.0,77.0,17662.0,302.0,29,61.0,13.0,None,Small,No,No,Yes,Yes,No,No,0,449
43346958,https://www.airbnb.com/rooms/43346958,15284278,Entire guesthouse,39.76118,-105.01884,2,1.0,4,4.94,108,109.0,78.0,39111.0,362.0,3,16.0,4.0,Low,Small,No,No,Yes,No,No,No,0,450
44358738,https://www.airbnb.com/rooms/44358738,105391633,Entire guest suite,39.77922,-105.01358,2,1.0,5,4.9,94,165.0,96.0,28394.0,188.0,1,27.0,12.0,Low,Individual,No,No,Yes,No,No,No,0,451
44580564,https://www.airbnb.com/rooms/44580564,19969155,Entire guest suite,39.76657,-105.01356,2,1.0,5,4.4,5,206.0,15.0,7955.0,365.0,30,0.5,28.0,None,Individual,No,No,Yes,No,No,No,0,452
44663602,https://www.airbnb.com/rooms/44663602,8410190,Entire rental unit,39.76788,-105.05017,2,1.0,2,4.91,11,120.0,82.0,32184.0,361.0,30,11.0,14.0,None,Small,No,No,Yes,No,No,No,0,453
44666414,https://www.airbnb.com/rooms/44666414,361651918,Entire guest suite,39.75751,-105.02648,2,1.0,6,5.0,41,225.0,92.0,44248.0,285.0,3,8.0,3.5,None,Individual,No,No,Yes,Yes,No,No,0,454
44694897,https://www.airbnb.com/rooms/44694897,17528370,Entire bungalow,39.765221,-105.012482,2,1.0,4,4.94,17,99.0,66.0,13274.0,289.0,30,21.0,30.5,None,Small,No,No,Yes,Yes,No,No,0,455
45029249,https://www.airbnb.com/rooms/45029249,6847601,Entire home,39.75711,-105.02852,2,1.0,4,4.87,52,266.0,82.0,40510.0,316.0,30,20.5,7.0,High,Small,No,No,Yes,Yes,No,No,0,456
45402923,https://www.airbnb.com/rooms/45402923,8410190,Entire rental unit,39.76637,-105.04934,2,1.0,2,4.6,10,124.0,58.0,10590.0,206.0,30,4.0,1.0,None,Small,No,No,Yes,No,No,No,0,457
45830309,https://www.airbnb.com/rooms/45830309,2619306,Entire townhouse,39.76321,-105.02269,2,1.0,4,4.94,84,221.0,66.0,13872.0,123.0,1,6.0,3.0,High,Large,No,No,Yes,No,No,No,0,458
45897230,https://www.airbnb.com/rooms/45897230,121718072,Entire home,39.76347,-105.00938,2,2.5,5,4.74,53,626.0,74.0,89180.0,332.0,3,18.0,3.0,High,Large,No,No,Yes,Yes,No,No,0,459
46071432,https://www.airbnb.com/rooms/46071432,89883615,Entire guesthouse,39.77329,-105.01379,2,1.0,6,4.96,101,180.0,46.0,19940.0,354.0,1,18.0,3.0,None,Small,No,No,Yes,No,No,No,0,460
46294297,https://www.airbnb.com/rooms/46294297,18753643,Entire guest suite,39.76865,-105.01886,2,1.0,4,4.94,188,135.0,57.0,31647.0,357.0,2,36.0,3.0,Moderate,Small,No,No,No,No,No,No,0,461
46709807,https://www.airbnb.com/rooms/46709807,3023868,Entire home,39.7637,-105.03923,2,2.0,4,4.79,29,229.0,63.0,21399.0,135.0,3,6.0,4.0,None,Large,No,Yes,Yes,No,No,No,0,462
46798345,https://www.airbnb.com/rooms/46798345,88566861,Entire rental unit,39.75665,-105.00462,2,2.0,5,4.58,55,316.0,82.0,89341.0,346.0,1,31.0,3.0,High,Large,No,No,Yes,Yes,Yes,Yes,0,463
46847951,https://www.airbnb.com/rooms/46847951,60414610,Entire guesthouse,39.75056,-105.03722,2,1.0,4,4.99,267,136.0,88.0,56833.0,356.0,1,26.0,2.0,High,Individual,No,No,Yes,No,No,Yes,0,464
47136536,https://www.airbnb.com/rooms/47136536,40540962,Entire condo,39.75721,-105.01206,2,2.0,3,-Unknown,1,219.0,46.0,28973.0,287.0,29,4.5,2.0,None,Individual,No,No,Yes,No,No,No,0,465
47274278,https://www.airbnb.com/rooms/47274278,10799284,Entire home,39.76456,-105.02032,2,2.0,6,4.95,41,189.0,95.0,53667.0,315.0,2,43.0,4.0,High,Individual,No,No,Yes,No,No,No,0,466
47902062,https://www.airbnb.com/rooms/47902062,121718072,Entire townhouse,39.75218,-105.02449,2,2.5,6,4.65,40,541.0,74.0,71580.0,341.0,2,23.5,4.0,High,Large,No,No,Yes,No,No,No,0,467
48068900,https://www.airbnb.com/rooms/48068900,12620293,Entire home,39.77849,-105.03947,2,1.0,4,4.95,38,141.0,96.0,48420.0,365.0,4,7.0,2.0,Moderate,Individual,No,No,Yes,Yes,No,No,0,468
48125065,https://www.airbnb.com/rooms/48125065,160494969,Entire guesthouse,39.77482,-105.02432,2,1.0,5,5.0,89,210.0,63.0,38647.0,361.0,1,22.0,3.0,High,Small,No,No,Yes,No,No,No,0,469
48154659,https://www.airbnb.com/rooms/48154659,8410190,Entire rental unit,39.76707,-105.0515,2,1.0,2,5.0,9,140.0,39.0,5900.0,167.0,30,5.0,30.0,None,Small,No,No,Yes,No,No,No,0,470
48329565,https://www.airbnb.com/rooms/48329565,390107054,Entire condo,39.77356,-105.04353,2,1.0,4,4.88,66,284.0,68.0,53090.0,352.0,1,13.5,3.0,High,Moderate,No,No,Yes,Yes,No,No,0,471
48344344,https://www.airbnb.com/rooms/48344344,390107054,Entire condo,39.77356,-105.04353,2,2.0,6,4.88,41,354.0,66.0,73138.0,351.0,1,26.0,3.0,High,Moderate,No,No,Yes,Yes,No,No,0,472
48398931,https://www.airbnb.com/rooms/48398931,109144183,Entire home,39.76287,-105.02011,2,1.5,4,4.97,130,237.0,56.0,45400.0,355.0,2,44.0,3.0,Moderate,Individual,No,No,Yes,No,No,No,0,473
48429847,https://www.airbnb.com/rooms/48429847,390107054,Entire condo,39.77356,-105.04353,2,1.0,4,4.92,49,290.0,58.0,45343.0,340.0,1,14.0,3.0,High,Moderate,No,No,Yes,Yes,No,No,0,474
48429941,https://www.airbnb.com/rooms/48429941,390107054,Entire condo,39.77356,-105.04353,2,1.0,4,4.94,63,297.0,70.0,52733.0,343.0,1,12.0,3.0,High,Moderate,No,No,Yes,Yes,No,No,0,475
48430010,https://www.airbnb.com/rooms/48430010,390107054,Entire condo,39.77356,-105.04353,2,1.0,4,4.89,65,266.0,64.0,45520.0,344.0,1,9.0,3.0,High,Moderate,No,No,Yes,Yes,No,No,0,476
48483208,https://www.airbnb.com/rooms/48483208,390107054,Entire condo,39.77356,-105.04353,2,2.0,6,4.92,49,353.0,71.0,69300.0,345.0,1,12.5,3.0,High,Moderate,No,No,Yes,Yes,No,No,0,477
48483252,https://www.airbnb.com/rooms/48483252,390107054,Entire condo,39.77356,-105.043526,2,2.0,6,4.95,87,354.0,69.0,72888.0,349.0,1,22.5,3.0,High,Moderate,No,No,Yes,Yes,No,No,0,478
48484023,https://www.airbnb.com/rooms/48484023,390107054,Entire condo,39.77356,-105.04353,2,2.0,6,4.91,74,354.0,64.0,61496.0,339.0,1,17.5,3.0,High,Moderate,No,No,Yes,Yes,No,No,0,479
48485288,https://www.airbnb.com/rooms/48485288,390107054,Entire condo,39.77356,-105.04353,2,1.0,4,4.88,59,295.0,60.0,44683.0,342.0,1,8.5,3.0,High,Moderate,No,No,Yes,Yes,No,No,0,480
48487513,https://www.airbnb.com/rooms/48487513,390107054,Entire condo,39.77356,-105.04353,2,1.0,4,4.8,59,294.0,60.0,45431.0,340.0,1,12.5,3.0,High,Moderate,No,No,Yes,Yes,No,No,0,481
48489565,https://www.airbnb.com/rooms/48489565,390107054,Entire condo,39.77356,-105.04353,2,1.0,4,4.93,68,295.0,70.0,48655.0,332.0,1,7.0,3.0,High,Small,No,No,Yes,Yes,No,No,0,482
48587367,https://www.airbnb.com/rooms/48587367,3364096,Entire condo,39.76005,-105.01151,2,1.0,4,4.57,7,150.0,91.0,16286.0,171.0,29,19.0,29.0,None,Small,No,No,Yes,Yes,No,No,0,483
48641099,https://www.airbnb.com/rooms/48641099,253066593,Entire home,39.77121,-105.02015,2,1.0,4,4.85,125,159.0,77.0,32422.0,329.0,2,23.0,4.0,High,Individual,No,No,Yes,No,No,No,0,484
49004528,https://www.airbnb.com/rooms/49004528,107434423,Entire rental unit,39.7572508,-105.0110416,2,2.0,4,-NA,0,234.0,42.0,12532.0,194.0,31,12.0,41.0,Low,Large,No,No,Yes,No,No,No,0,485
49036910,https://www.airbnb.com/rooms/49036910,34955862,Entire condo,39.75674,-105.02063,2,2.0,6,4.5,1,192.0,80.0,15289.0,110.0,29,78.0,17.0,Moderate,Large,No,No,Yes,Yes,No,No,0,486
49043638,https://www.airbnb.com/rooms/49043638,11950485,Entire townhouse,39.76508,-105.02247,2,1.0,4,4.65,26,160.0,93.0,40522.0,320.0,3,21.0,5.0,Low,Individual,No,No,Yes,Yes,No,No,0,487
49071410,https://www.airbnb.com/rooms/49071410,52470095,Entire home,39.76549,-105.00955,2,1.0,2,4.99,76,140.0,61.0,25210.0,344.0,3,15.0,3.0,High,Moderate,No,No,No,No,No,No,0,488
49092392,https://www.airbnb.com/rooms/49092392,72286126,Entire townhouse,39.75593,-105.0236,2,1.5,4,4.86,44,250.0,55.0,30296.0,250.0,2,14.5,3.0,Moderate,Individual,No,No,Yes,No,No,No,0,489
49367087,https://www.airbnb.com/rooms/49367087,23765065,Entire townhouse,39.7520942688,-105.0223846436,2,3.0,4,4.71,14,550.0,62.0,77620.0,360.0,3,8.5,5.0,None,Individual,No,No,Yes,No,No,No,0,490
49420237,https://www.airbnb.com/rooms/49420237,157204971,Entire home,39.75239,-105.02263,2,1.0,4,4.83,6,149.0,72.0,18117.0,130.0,29,57.0,4.5,None,Individual,No,No,Yes,No,No,No,0,491
49503889,https://www.airbnb.com/rooms/49503889,51340340,Entire townhouse,39.76214,-105.00696,2,2.5,6,4.97,64,299.0,91.0,93678.0,360.0,2,39.0,3.0,Moderate,Individual,No,No,Yes,No,No,No,0,492
49800855,https://www.airbnb.com/rooms/49800855,237522800,Entire guest suite,39.77113,-105.0175,2,1.0,5,4.87,47,139.0,77.0,21904.0,297.0,2,46.0,5.0,Low,Individual,No,No,No,No,No,No,0,493
49947653,https://www.airbnb.com/rooms/49947653,7698034,Entire guest suite,39.763897,-105.004311,2,1.0,4,4.95,77,177.5,64.0,37885.0,347.0,2,30.0,2.0,High,Individual,No,No,No,No,No,No,0,494
50035590,https://www.airbnb.com/rooms/50035590,263502162,Entire rental unit,39.76082,-105.0158,2,1.0,4,-NA,0,172.0,57.0,18144.0,203.0,30,8.0,19.0,None,Large,No,No,Yes,No,No,No,0,495
50271561,https://www.airbnb.com/rooms/50271561,17259435,Entire home,39.7588,-105.02787,2,2.0,2,4.89,18,180.0,93.0,18914.0,131.0,3,24.0,3.0,Low,Individual,No,Yes,Yes,Yes,No,No,0,496
50286858,https://www.airbnb.com/rooms/50286858,5679945,Entire home,39.768501,-105.043167,2,2.0,5,4.95,42,474.0,89.0,66101.0,258.0,2,13.0,7.0,High,Small,No,No,Yes,No,No,No,0,497
50329886,https://www.airbnb.com/rooms/50329886,46401356,Entire guest suite,39.75545,-105.04355,2,1.0,4,4.89,159,132.0,71.0,28669.0,350.0,1,25.0,3.0,High,Individual,No,No,Yes,No,No,No,0,498
50399387,https://www.airbnb.com/rooms/50399387,88566861,Entire rental unit,39.7651,-105.0037,2,2.0,5,4.67,212,265.5,40.0,31811.0,323.0,1,9.0,1.0,High,Large,No,No,Yes,No,No,No,0,499
50417342,https://www.airbnb.com/rooms/50417342,53225583,Entire guesthouse,39.772710000000004,-105.02318,2,1.0,4,4.99,172,159.0,69.0,39158.0,360.0,1,48.0,2.0,High,Individual,No,No,Yes,No,No,No,0,500
50489726,https://www.airbnb.com/rooms/50489726,67086858,Entire home,39.75962,-105.04385,2,2.0,4,4.8,35,225.0,51.0,35530.0,289.0,2,29.0,2.0,None,Individual,No,No,Yes,No,No,No,0,501
50578114,https://www.airbnb.com/rooms/50578114,8410190,Entire guest suite,39.76153,-105.02761,2,1.0,2,4.95,19,125.0,65.0,19875.0,276.0,30,1.0,5.0,High,Small,No,No,Yes,No,No,No,0,502
50705203,https://www.airbnb.com/rooms/50705203,7748860,Entire townhouse,39.77638,-105.04398,2,2.5,5,4.97,29,375.0,79.0,103175.0,332.0,2,24.0,3.0,None,Small,No,No,Yes,Yes,No,No,0,503
50848389,https://www.airbnb.com/rooms/50848389,26963067,Entire rental unit,39.76417,-105.01563,2,1.0,5,4.94,95,204.0,79.0,43831.0,312.0,2,31.0,2.0,High,Individual,No,No,Yes,Yes,No,No,0,504
50851260,https://www.airbnb.com/rooms/50851260,4882600,Entire townhouse,39.75041,-105.02269,2,2.5,9,5.0,40,389.0,27.0,35018.0,361.0,2,24.0,2.0,None,Individual,No,No,Yes,Yes,No,No,0,505
50951888,https://www.airbnb.com/rooms/50951888,4632354,Entire home,39.772710000000004,-105.01709,2,2.0,4,4.9,39,225.0,78.0,53273.0,342.0,29,52.5,7.0,None,Small,No,No,Yes,No,No,No,0,506
51461481,https://www.airbnb.com/rooms/51461481,263502162,Entire rental unit,39.76047,-105.01562,2,2.0,4,4.5,1,206.0,41.0,11734.0,154.0,30,9.0,24.0,None,Large,No,No,Yes,No,No,No,0,507
51584800,https://www.airbnb.com/rooms/51584800,6529461,Entire townhouse,39.74818,-105.02103,2,3.0,4,5.0,5,175.0,91.0,32102.0,219.0,29,16.0,31.0,None,Small,No,No,Yes,No,No,No,0,508
51891750,https://www.airbnb.com/rooms/51891750,14096478,Entire townhouse,39.77672,-105.0451,2,2.5,2,5.0,12,225.0,51.0,32087.0,365.0,11,58.5,12.0,Low,Small,No,No,Yes,No,No,No,0,509
52006485,https://www.airbnb.com/rooms/52006485,401251189,Entire condo,39.757935,-105.01548,2,2.0,8,4.94,51,335.0,57.0,46323.0,316.0,1,24.0,3.0,None,Moderate,No,No,Yes,No,No,No,0,510
52053171,https://www.airbnb.com/rooms/52053171,82535617,Entire home,39.76842,-105.03715,2,1.0,6,4.84,111,148.0,61.0,22377.0,328.0,1,13.5,2.0,Moderate,Individual,No,No,Yes,No,No,No,0,511
52207601,https://www.airbnb.com/rooms/52207601,12754928,Entire bungalow,39.77703,-105.01366,2,2.0,4,5.0,7,143.0,66.0,25683.0,295.0,29,23.5,9.5,Moderate,Small,No,No,Yes,No,No,No,0,512
52408164,https://www.airbnb.com/rooms/52408164,52470095,Entire condo,39.76226,-105.010315,2,2.0,4,5.0,7,250.0,56.0,23210.0,238.0,30,17.0,36.0,None,Moderate,No,No,Yes,No,No,No,0,513
52467149,https://www.airbnb.com/rooms/52467149,134599830,Entire townhouse,39.7631441673,-105.0070872271,2,2.0,6,5.0,18,350.0,36.0,32993.0,229.0,2,20.0,3.0,None,Individual,No,No,Yes,No,No,No,0,514
52521241,https://www.airbnb.com/rooms/52521241,30855368,Entire home,39.7627944946,-105.008026123,2,2.5,6,4.97,33,895.0,72.0,111130.0,358.0,3,17.0,4.0,Low,Moderate,No,No,Yes,No,No,No,0,515
52615741,https://www.airbnb.com/rooms/52615741,26200826,Entire home,39.75676,-105.03872,2,1.0,3,5.0,7,81.0,76.0,10572.0,200.0,30,21.0,33.0,None,Individual,No,No,Yes,Yes,No,No,0,516
52654951,https://www.airbnb.com/rooms/52654951,4975921,Entire home,39.75134,-105.02582,2,2.0,4,5.0,1,200.0,0.0,0.0,22.0,29,0.0,0.0,None,Small,No,No,Yes,Yes,No,No,0,517
52671258,https://www.airbnb.com/rooms/52671258,424588746,Entire guest suite,39.78206,-105.01708,2,1.0,6,4.65,74,134.0,69.0,20101.0,289.0,1,13.0,3.0,None,Individual,No,No,No,No,No,No,0,518
52674413,https://www.airbnb.com/rooms/52674413,55691730,Entire guest suite,39.74874,-105.02384,2,1.0,4,4.87,97,119.0,72.0,28695.0,352.0,1,23.0,3.0,High,Small,No,No,No,No,No,No,0,519
52691429,https://www.airbnb.com/rooms/52691429,426513904,Entire condo,39.748385999999996,-105.020882,2,2.0,4,4.89,53,209.0,56.0,30259.0,348.0,29,30.0,3.0,None,Small,No,No,Yes,No,No,No,0,520
52691430,https://www.airbnb.com/rooms/52691430,426513904,Entire condo,39.748385999999996,-105.020882,2,2.0,4,4.93,76,215.5,71.0,36940.0,359.0,29,23.5,3.0,None,Small,No,No,Yes,No,No,No,0,521
52691431,https://www.airbnb.com/rooms/52691431,426513904,Entire condo,39.748385999999996,-105.020882,2,2.0,4,4.83,54,190.0,67.0,34188.0,358.0,29,39.5,3.0,None,Small,No,No,Yes,No,No,No,0,522
52691434,https://www.airbnb.com/rooms/52691434,426513904,Entire condo,39.74873,-105.018608,2,2.0,4,4.83,60,206.0,73.0,39297.0,355.0,29,32.0,3.0,None,Small,No,No,Yes,No,No,No,0,523
52691435,https://www.airbnb.com/rooms/52691435,426513904,Entire condo,39.748385999999996,-105.020882,2,2.0,4,4.9,40,188.0,69.0,36621.0,359.0,29,42.0,3.0,None,Small,No,No,Yes,No,No,No,0,524
52740554,https://www.airbnb.com/rooms/52740554,114981695,Entire condo,39.76152,-105.01653,2,1.0,3,5.0,1,100.0,0.0,0.0,365.0,29,0.0,0.0,None,Individual,No,No,Yes,No,No,No,0,525
52822945,https://www.airbnb.com/rooms/52822945,426513904,Entire condo,39.748695,-105.018608,2,2.0,4,4.84,44,211.0,71.0,32935.0,350.0,29,17.0,3.0,None,Small,No,No,Yes,No,No,No,0,526
52876246,https://www.airbnb.com/rooms/52876246,12848984,Entire home,39.75652,-105.03931,2,2.5,6,4.9,39,265.0,49.0,44579.0,362.0,2,43.0,3.0,None,Individual,No,No,Yes,No,No,No,0,527
52926258,https://www.airbnb.com/rooms/52926258,263502162,Entire rental unit,39.76253,-105.00918,2,2.0,4,-NA,0,145.0,28.0,11008.0,153.0,30,1.0,43.0,None,Large,No,No,Yes,No,No,No,1,528
52981523,https://www.airbnb.com/rooms/52981523,51569606,Entire home,39.76623,-105.04661,2,1.0,4,4.8,10,200.0,38.0,25500.0,341.0,2,16.0,12.0,None,Individual,No,No,Yes,No,No,No,0,529
52983323,https://www.airbnb.com/rooms/52983323,121718072,Entire townhouse,39.75106,-105.03127,2,1.0,4,4.58,24,227.5,75.0,45544.0,290.0,29,54.0,4.0,None,Large,No,No,Yes,No,No,No,0,530
53032494,https://www.airbnb.com/rooms/53032494,401251189,Entire condo,39.757935,-105.01548,2,2.0,8,4.88,57,224.0,64.0,34041.0,359.0,1,37.0,3.0,None,Moderate,No,No,Yes,No,No,No,0,531
53063448,https://www.airbnb.com/rooms/53063448,383837798,Entire guest suite,39.75714,-105.02817,2,1.0,4,4.8,5,97.0,32.0,11349.0,365.0,30,18.0,30.0,None,Small,No,No,Yes,No,No,No,0,532
53298884,https://www.airbnb.com/rooms/53298884,92677419,Entire guest suite,39.7553013067,-105.0291292525,2,1.0,4,4.67,30,122.0,87.0,15837.0,178.0,1,14.0,3.0,High,Small,No,No,Yes,Yes,No,No,1,533
53322660,https://www.airbnb.com/rooms/53322660,127259138,Entire home,39.75399,-105.02099,2,1.0,4,4.88,8,108.0,98.0,24627.0,264.0,30,21.0,32.0,Low,Small,No,No,Yes,Yes,No,No,0,534
53571639,https://www.airbnb.com/rooms/53571639,55147127,Entire guest suite,39.75022,-105.03889,2,1.0,4,4.93,56,149.0,51.0,19978.0,321.0,1,25.0,3.0,Moderate,Small,No,No,No,No,No,No,0,535
53606384,https://www.airbnb.com/rooms/53606384,70563805,Entire home,39.7529,-105.02962,2,1.0,4,4.33,3,135.0,77.0,26460.0,301.0,29,3.5,29.0,None,Large,No,No,Yes,Yes,No,No,0,536
53842913,https://www.airbnb.com/rooms/53842913,35908027,Entire townhouse,39.75409,-105.02474,2,2.5,7,4.8,30,379.0,84.0,95772.0,353.0,1,19.0,3.0,Moderate,Small,No,No,Yes,No,No,No,0,537
531972915739109315,https://www.airbnb.com/rooms/531972915739109315,401251189,Entire condo,39.757935,-105.01548,2,2.0,6,4.76,38,226.0,79.0,47705.0,357.0,1,20.0,3.0,None,Moderate,No,No,Yes,No,No,No,0,538
549142219131560237,https://www.airbnb.com/rooms/549142219131560237,121718072,Entire home,39.77255,-105.0449,2,1.5,4,4.33,3,142.0,96.0,27020.0,278.0,30,25.0,29.0,Low,Large,No,No,Yes,Yes,No,No,0,539
553532554603765088,https://www.airbnb.com/rooms/553532554603765088,9897055,Entire guesthouse,39.76542,-105.04878,2,1.0,4,4.97,35,84.0,80.0,42274.0,365.0,4,35.5,4.0,None,Small,No,No,Yes,No,No,No,0,540
553557808200266637,https://www.airbnb.com/rooms/553557808200266637,121718072,Entire townhouse,39.77945,-105.04426,2,2.5,6,4.84,25,374.0,71.0,39500.0,276.0,2,22.5,4.0,High,Large,No,No,Yes,No,No,No,0,541
568900095543123608,https://www.airbnb.com/rooms/568900095543123608,445697747,Entire townhouse,39.75057,-105.02025,2,2.5,4,-NA,0,318.0,93.0,32680.0,167.0,30,33.0,31.0,None,Moderate,No,No,Yes,No,No,No,0,542
571771679878052782,https://www.airbnb.com/rooms/571771679878052782,128701955,Entire home,39.7702720917,-105.0196122805,2,2.0,6,5.0,34,149.0,66.0,9909.0,88.0,1,36.0,2.0,Moderate,Individual,No,No,Yes,Yes,No,No,1,543
574116012029042015,https://www.airbnb.com/rooms/574116012029042015,3192044,Entire home,39.76629,-105.01885,2,2.0,2,-NA,0,89.0,0.0,0.0,168.0,30,0.0,0.0,None,Small,No,No,Yes,No,No,No,0,544
577394220408103117,https://www.airbnb.com/rooms/577394220408103117,398486232,Entire guest suite,39.76624,-105.00532,2,2.0,5,5.0,19,398.0,81.0,72350.0,362.0,2,56.0,3.0,Low,Small,No,No,Yes,No,No,No,0,545
578830238648617388,https://www.airbnb.com/rooms/578830238648617388,24798188,Entire home,39.7659,-105.05265,2,1.0,5,4.74,47,121.0,56.0,19991.0,348.0,1,15.0,4.0,High,Small,No,No,Yes,No,No,No,0,546
588171852187290539,https://www.airbnb.com/rooms/588171852187290539,293529528,Entire townhouse,39.76797,-105.0063,2,2.5,4,4.86,29,210.0,67.0,45431.0,321.0,1,30.0,3.0,Moderate,Small,No,No,Yes,Yes,No,No,0,547
592808215543180039,https://www.airbnb.com/rooms/592808215543180039,22129178,Entire condo,39.7483,-105.01919,2,2.0,4,5.0,1,150.0,93.0,1950.0,14.0,29,1.0,2.0,None,Individual,No,No,Yes,No,No,No,1,548
593938590246060625,https://www.airbnb.com/rooms/593938590246060625,451924609,Entire townhouse,39.7524742401,-105.023764361,2,2.5,4,4.91,70,242.0,66.0,59263.0,355.0,2,43.0,3.0,High,Individual,No,No,Yes,No,No,No,0,549
601306549765337233,https://www.airbnb.com/rooms/601306549765337233,3065375,Entire home,39.77462,-105.049133,2,1.0,4,4.79,29,110.0,70.0,25872.0,343.0,3,63.0,1.0,None,Individual,No,No,Yes,Yes,No,No,0,550
613148679577684966,https://www.airbnb.com/rooms/613148679577684966,49417640,Entire home,39.77078,-105.05028,2,1.5,4,5.0,58,236.0,69.0,41867.0,330.0,2,25.5,3.0,High,Individual,No,No,Yes,No,No,No,0,551
613665410196329522,https://www.airbnb.com/rooms/613665410196329522,456161331,Entire rental unit,39.76923,-105.04834,2,1.0,5,4.33,6,110.0,83.0,15867.0,198.0,29,35.0,14.0,None,Individual,No,Yes,Yes,Yes,No,No,0,552
617617109612696671,https://www.airbnb.com/rooms/617617109612696671,10929509,Entire bungalow,39.763634,-105.016182,2,1.0,4,4.92,65,188.0,78.0,53047.0,352.0,2,73.0,4.0,Moderate,Individual,No,No,Yes,No,No,No,0,553
622420301213710507,https://www.airbnb.com/rooms/622420301213710507,39776639,Entire home,39.76664,-105.00524,2,2.5,4,4.75,16,347.0,84.0,42902.0,168.0,1,9.0,4.0,None,Individual,No,No,Yes,Yes,No,No,0,554
623208080088897997,https://www.airbnb.com/rooms/623208080088897997,164650814,Entire home,39.75263,-105.02854,2,2.0,6,5.0,1,268.0,8.0,3695.0,248.0,30,6.5,1.5,None,Small,No,No,Yes,Yes,No,No,0,555
625935090239148175,https://www.airbnb.com/rooms/625935090239148175,50373032,Entire guesthouse,39.77775,-105.03803,2,1.0,6,4.95,22,250.0,80.0,45180.0,360.0,29,4.5,4.5,None,Individual,No,No,Yes,Yes,No,No,0,556
627550317542438321,https://www.airbnb.com/rooms/627550317542438321,74124137,Entire home,39.763412,-105.010384,2,2.0,4,4.97,66,170.0,78.0,62063.0,285.0,29,86.0,3.0,None,Individual,No,No,Yes,Yes,No,No,0,557
628294912952550462,https://www.airbnb.com/rooms/628294912952550462,1388894,Entire home,39.7602,-105.04695,2,1.0,4,5.0,4,135.0,53.0,2340.0,49.0,30,81.0,5.0,None,Small,No,No,Yes,Yes,No,No,0,558
637892280301877213,https://www.airbnb.com/rooms/637892280301877213,163583438,Entire home,39.765495,-105.007736,2,1.0,4,4.93,70,200.0,66.0,36320.0,328.0,2,60.5,3.0,None,Individual,No,No,Yes,Yes,No,No,0,559
638408115846638532,https://www.airbnb.com/rooms/638408115846638532,78499438,Private room in home,39.7549,-105.0257,2,1.0,6,5.0,14,276.0,89.0,41200.0,245.0,1,35.0,3.0,None,Small,No,Yes,Yes,No,No,No,0,560
650025934733524364,https://www.airbnb.com/rooms/650025934733524364,24670804,Entire home,39.77776,-105.01272,2,2.0,4,5.0,43,209.0,84.0,46059.0,353.0,2,32.0,4.0,High,Small,No,No,Yes,Yes,No,No,0,561
652029754344248846,https://www.airbnb.com/rooms/652029754344248846,77149120,Entire home,39.762976471,-105.0398147767,2,2.0,5,4.9,20,339.0,74.0,57844.0,252.0,3,31.0,3.0,Low,Small,No,No,Yes,No,No,No,0,562
657214330825049859,https://www.airbnb.com/rooms/657214330825049859,465260753,Entire home,39.75313,-105.02122,2,2.5,9,4.84,77,242.0,75.0,72905.0,346.0,1,75.5,2.0,High,Small,No,No,Yes,No,No,No,0,563
657230276781275769,https://www.airbnb.com/rooms/657230276781275769,465260753,Private room in townhouse,39.753,-105.02148,2,1.5,5,5.0,2,122.0,54.0,28179.0,353.0,1,38.5,2.0,None,Small,No,No,Yes,No,No,No,0,564
660031456779773624,https://www.airbnb.com/rooms/660031456779773624,119505783,Entire townhouse,39.76493,-105.05226,2,1.0,6,4.84,61,220.0,76.0,45262.0,353.0,2,20.5,3.0,High,Moderate,No,Yes,Yes,Yes,No,No,0,565
660033521785038603,https://www.airbnb.com/rooms/660033521785038603,52470095,Entire loft,39.7622607,-105.0103127,2,2.0,3,-Unknown,1,165.0,22.0,10654.0,296.0,30,36.0,1.5,None,Moderate,No,No,Yes,No,No,No,0,566
660166763554209630,https://www.airbnb.com/rooms/660166763554209630,344256131,Entire condo,39.7526185,-105.0229813,2,1.0,6,4.97,61,152.0,66.0,33966.0,320.0,2,77.0,2.0,Low,Individual,No,No,Yes,Yes,No,Yes,0,567
666070285533209551,https://www.airbnb.com/rooms/666070285533209551,222848355,Entire condo,39.75639,-105.02082,2,2.0,6,5.0,3,162.0,91.0,17231.0,166.0,29,10.0,34.0,Low,Small,No,No,Yes,Yes,No,No,0,568
669534696344821776,https://www.airbnb.com/rooms/669534696344821776,21078778,Entire home,39.75382,-105.02648,2,2.0,4,4.67,3,201.0,70.0,46596.0,327.0,10,28.0,4.0,High,Small,No,No,Yes,Yes,No,No,0,569
672316208660251321,https://www.airbnb.com/rooms/672316208660251321,9467386,Entire guest suite,39.75743,-105.03315,2,1.0,4,5.0,12,199.0,68.0,29253.0,216.0,2,76.5,2.0,None,Individual,No,No,Yes,No,No,No,0,570
672364650645509148,https://www.airbnb.com/rooms/672364650645509148,11642248,Entire guest suite,39.7775,-105.01546,2,1.0,4,5.0,36,236.0,41.0,29362.0,359.0,2,17.0,3.0,High,Individual,No,No,Yes,No,No,No,0,571
673182838221779075,https://www.airbnb.com/rooms/673182838221779075,46869142,Entire home,39.75116,-105.01881,2,2.5,5,4.97,39,270.0,61.0,58912.0,345.0,3,32.0,3.0,Moderate,Individual,No,No,Yes,No,No,No,0,572
674659387855434264,https://www.airbnb.com/rooms/674659387855434264,33441551,Entire home,39.76355,-105.0052,2,3.0,4,5.0,24,695.0,79.0,138365.0,257.0,2,47.0,3.0,None,Individual,No,Yes,Yes,No,No,No,0,573
679054258107579411,https://www.airbnb.com/rooms/679054258107579411,60655297,Entire townhouse,39.76795,-105.01423,2,1.0,4,4.95,44,160.0,81.0,40177.0,322.0,2,29.0,3.0,Low,Individual,No,No,Yes,No,No,No,0,574
679630880963873737,https://www.airbnb.com/rooms/679630880963873737,111759392,Entire home,39.77411,-105.01761,2,1.0,4,5.0,4,149.0,63.0,5084.0,90.0,29,21.5,1.0,High,Individual,No,No,Yes,Yes,No,No,0,575
681046630516081075,https://www.airbnb.com/rooms/681046630516081075,121718072,Entire townhouse,39.75392,-105.02266,2,2.5,4,5.0,10,428.0,96.0,86093.0,299.0,29,41.0,3.0,High,Large,No,No,Yes,No,No,No,0,576
681820756251091699,https://www.airbnb.com/rooms/681820756251091699,173712088,Entire guest suite,39.7694,-105.03953,2,1.0,4,4.91,47,191.0,44.0,22087.0,313.0,1,10.0,2.0,High,Individual,No,No,No,Yes,No,No,0,577
685671841837900232,https://www.airbnb.com/rooms/685671841837900232,57890376,Entire home,39.7651372,-105.0348974,2,1.0,4,5.0,4,155.0,90.0,38590.0,290.0,30,38.0,31.0,None,Individual,No,No,Yes,Yes,No,No,0,578
686122389210622526,https://www.airbnb.com/rooms/686122389210622526,121718072,Entire townhouse,39.75289,-105.0233,2,2.5,4,4.86,7,554.0,83.0,21306.0,90.0,29,22.0,4.0,High,Large,No,No,Yes,No,No,No,0,579
687756281547100447,https://www.airbnb.com/rooms/687756281547100447,10730,Entire condo,39.75745,-105.00995,2,2.5,6,-NA,0,150.0,72.0,24425.0,239.0,30,5.5,2.0,None,Small,No,No,Yes,No,No,No,0,580
687768125161080215,https://www.airbnb.com/rooms/687768125161080215,133612752,Entire home,39.77143,-105.02028,2,1.0,3,5.0,12,155.0,83.0,23428.0,265.0,2,22.5,5.5,None,Individual,No,No,Yes,No,No,No,1,581
688217934106541596,https://www.airbnb.com/rooms/688217934106541596,340445453,Entire condo,39.76414,-105.00371,2,2.0,4,4.5,2,175.0,45.0,26600.0,340.0,29,44.0,31.0,None,Moderate,No,No,Yes,No,No,No,0,582
688468287436406116,https://www.airbnb.com/rooms/688468287436406116,52470095,Entire townhouse,39.760672,-105.028636,2,1.5,4,4.5,1,135.0,86.0,18165.0,160.0,30,10.0,8.0,None,Moderate,No,No,Yes,Yes,No,No,0,583
688502902862768514,https://www.airbnb.com/rooms/688502902862768514,58315336,Entire home,39.77276,-105.00731,2,2.5,4,5.0,3,185.0,99.0,59875.0,327.0,2,56.5,3.0,None,Small,No,No,Yes,No,No,No,0,584
691884693818843529,https://www.airbnb.com/rooms/691884693818843529,52470095,Entire guesthouse,39.7612147,-105.0142159,2,1.0,4,4.98,47,198.0,73.0,46913.0,354.0,3,30.0,3.0,High,Moderate,No,No,Yes,No,No,No,0,585
691907793841310254,https://www.airbnb.com/rooms/691907793841310254,17173481,Entire guesthouse,39.7754985442,-105.0077790786,2,1.0,4,4.96,24,96.0,88.0,16272.0,173.0,2,8.0,3.0,Low,Individual,No,No,Yes,No,No,No,1,586
695465026567117117,https://www.airbnb.com/rooms/695465026567117117,12334804,Entire home,39.76318,-105.04024,2,2.0,9,-NA,0,300.0,70.0,21700.0,101.0,1,32.0,2.0,None,Small,No,No,Yes,Yes,No,No,0,587
696036197613370417,https://www.airbnb.com/rooms/696036197613370417,3764549,Entire home,39.75424,-105.02996,2,1.0,6,4.89,57,148.0,72.0,33039.0,343.0,2,45.0,3.0,Moderate,Individual,No,No,Yes,No,No,Yes,0,588
701428492978487473,https://www.airbnb.com/rooms/701428492978487473,7088117,Entire home,39.76235,-105.03014,2,2.0,4,4.89,9,198.0,80.0,13312.0,92.0,29,34.0,10.0,None,Individual,No,No,Yes,No,No,No,0,589
703334765450415213,https://www.airbnb.com/rooms/703334765450415213,477045552,Entire home,39.76421,-105.03215,2,1.0,3,4.64,22,170.0,82.0,41682.0,348.0,2,34.0,3.0,High,Individual,No,No,Yes,No,No,No,0,590
710756954220544238,https://www.airbnb.com/rooms/710756954220544238,59729201,Entire condo,39.76327,-105.03204,2,1.0,2,5.0,2,125.0,64.0,9936.0,91.0,29,37.0,29.0,None,Small,No,No,Yes,Yes,No,No,0,591
717942620254550220,https://www.airbnb.com/rooms/717942620254550220,110328442,Entire home,39.7779024,-105.0237574,2,2.0,2,-NA,0,128.0,0.0,0.0,56.0,30,0.0,0.0,None,Individual,No,No,Yes,No,No,No,0,592
721709701696904082,https://www.airbnb.com/rooms/721709701696904082,480585850,Entire home,39.78077,-105.03589,2,1.0,6,4.72,25,124.0,52.0,23994.0,348.0,2,44.0,3.0,High,Small,No,No,Yes,Yes,No,No,0,593
723822796186332502,https://www.airbnb.com/rooms/723822796186332502,4665978,Entire townhouse,39.75581,-105.02429,2,2.5,4,5.0,1,175.0,79.0,24295.0,228.0,29,95.0,44.5,None,Individual,No,No,Yes,No,No,No,0,594
726709800747937246,https://www.airbnb.com/rooms/726709800747937246,121718072,Entire townhouse,39.75293,-105.02231,2,2.5,6,4.8,10,330.0,81.0,64375.0,300.0,29,26.0,5.0,None,Large,No,No,Yes,Yes,No,No,0,595
733179720669337299,https://www.airbnb.com/rooms/733179720669337299,25746347,Entire townhouse,39.74829,-105.02738,2,2.5,6,5.0,16,349.0,89.0,82708.0,316.0,2,62.5,4.0,Low,Individual,No,No,Yes,Yes,No,No,0,596
742735450433261938,https://www.airbnb.com/rooms/742735450433261938,34955862,Entire home,39.75432,-105.02584,2,1.0,4,4.87,30,150.0,54.0,31770.0,343.0,3,33.0,3.0,Moderate,Large,No,No,No,No,No,No,0,597
746273969260926893,https://www.airbnb.com/rooms/746273969260926893,121718072,Entire home,39.77714,-105.01851,2,1.0,4,4.5,16,194.0,65.0,32614.0,316.0,2,18.5,3.0,Low,Large,No,No,Yes,No,No,No,0,598
758924213163152709,https://www.airbnb.com/rooms/758924213163152709,39664417,Entire rental unit,39.7584158326,-105.046027489,2,1.0,4,4.55,71,132.0,71.0,19690.0,286.0,1,26.5,2.0,Moderate,Individual,No,No,No,No,No,No,1,599
770412350391922564,https://www.airbnb.com/rooms/770412350391922564,3192044,Entire home,39.77117,-105.00931,2,1.0,4,-NA,0,119.0,0.0,0.0,344.0,56,0.0,0.0,None,Small,No,No,Yes,Yes,No,No,0,600
771229475062319364,https://www.airbnb.com/rooms/771229475062319364,46568041,Entire home,39.7823207,-105.0263744,2,2.5,4,-NA,0,190.0,5.0,2850.0,307.0,30,0.0,15.0,None,Small,No,Yes,Yes,No,No,No,0,601
775387879959970706,https://www.airbnb.com/rooms/775387879959970706,2619306,Entire townhouse,39.7492994,-105.0218057,2,2.5,7,5.0,45,338.0,62.0,60727.0,310.0,1,26.0,2.0,Moderate,Large,No,No,Yes,No,No,No,0,602
776013518228730896,https://www.airbnb.com/rooms/776013518228730896,121718072,Entire home,39.78278,-105.02079,2,1.0,4,4.33,3,146.0,61.0,19643.0,205.0,2,27.0,3.0,None,Large,No,No,Yes,No,No,No,1,603
776858914746409698,https://www.airbnb.com/rooms/776858914746409698,10589820,Entire home,39.7684178647,-105.0317626848,2,1.0,4,5.0,18,110.0,92.0,23232.0,232.0,3,79.0,3.0,Moderate,Individual,No,No,Yes,No,No,No,1,604
780506709949628464,https://www.airbnb.com/rooms/780506709949628464,46649051,Entire rental unit,39.7643031,-105.0114654,2,1.0,6,5.0,29,248.0,61.0,34291.0,324.0,2,68.5,3.0,Moderate,Individual,No,No,Yes,No,No,No,1,605
781803824695783545,https://www.airbnb.com/rooms/781803824695783545,124796998,Entire home,39.78175,-105.02224,2,1.0,6,-NA,0,192.0,68.0,14621.0,169.0,29,0.0,39.0,High,Moderate,No,No,Yes,No,No,No,1,606
788314855550328339,https://www.airbnb.com/rooms/788314855550328339,121718865,Entire townhouse,39.76955,-105.02276,2,2.5,7,4.63,8,333.0,66.0,40079.0,189.0,3,17.5,3.0,Low,Large,No,No,Yes,No,No,No,1,607
788315037374656801,https://www.airbnb.com/rooms/788315037374656801,121718865,Entire home,39.74902,-105.02755,2,0.0,4,-NA,0,398.0,0.0,0.0,0.0,2,0.0,0.0,High,Large,No,No,Yes,No,No,No,1,608
790791941436994055,https://www.airbnb.com/rooms/790791941436994055,26242355,Entire home,39.76739,-105.01021,2,1.0,4,5.0,4,274.0,37.0,21807.0,271.0,1,25.0,3.0,Low,Small,No,No,Yes,No,No,No,1,609
802997761431177510,https://www.airbnb.com/rooms/802997761431177510,479520142,Entire rental unit,39.757904318,-105.025052069,2,2.0,5,5.0,2,97.0,48.0,3780.0,82.0,30,0.0,30.0,None,Large,No,No,Yes,Yes,No,No,1,610
817433552711314083,https://www.airbnb.com/rooms/817433552711314083,121718072,Entire townhouse,39.75667,-105.02238,2,4.0,6,-NA,0,408.0,0.0,0.0,265.0,2,0.0,0.0,Low,Large,No,Yes,Yes,No,No,No,1,611
818260714852820488,https://www.airbnb.com/rooms/818260714852820488,498749764,Entire townhouse,39.75984,-105.01383,2,1.5,4,4.92,12,261.0,80.0,30499.0,201.0,1,22.5,3.0,None,Individual,No,No,Yes,No,No,No,1,612
821082810349397447,https://www.airbnb.com/rooms/821082810349397447,34955862,Entire home,39.7518716,-105.0202877,2,2.5,6,5.0,12,253.0,56.0,37336.0,238.0,3,38.0,3.0,Moderate,Large,No,No,Yes,Yes,No,No,1,613
837055478567758977,https://www.airbnb.com/rooms/837055478567758977,124796998,Entire rental unit,39.781788422700004,-105.0228862895,2,2.0,5,-NA,0,145.0,69.0,6504.0,91.0,29,0.0,31.5,High,Moderate,No,No,Yes,No,No,No,1,614
846503247637729052,https://www.airbnb.com/rooms/846503247637729052,11904444,Entire home,39.7650811,-105.0066835,2,2.5,6,4.96,26,266.0,85.0,42519.0,196.0,1,52.0,3.0,High,Individual,No,No,Yes,Yes,No,No,1,615
852237937944804381,https://www.airbnb.com/rooms/852237937944804381,3023868,Entire home,39.7655423401,-105.0289637438,2,2.0,4,-NA,0,189.0,61.0,8337.0,90.0,30,0.0,55.0,None,Large,No,No,Yes,No,No,No,1,616
853115486176206495,https://www.airbnb.com/rooms/853115486176206495,360272923,Entire home,39.7757505,-105.0063243,2,2.5,8,4.83,23,225.0,67.0,19887.0,124.0,2,36.0,3.0,High,Individual,No,No,Yes,Yes,No,No,1,617
859423826453394089,https://www.airbnb.com/rooms/859423826453394089,57319222,Entire rental unit,39.773034,-105.0054313,2,1.0,5,5.0,11,155.0,66.0,13047.0,120.0,2,29.0,4.0,Low,Individual,No,No,Yes,No,No,No,1,618
866571663171913828,https://www.airbnb.com/rooms/866571663171913828,1604631,Entire rental unit,39.7528779,-105.0366469,2,1.0,4,5.0,3,114.0,86.0,12383.0,145.0,30,69.5,45.5,Moderate,Small,No,No,Yes,Yes,No,No,1,619
866805467375723312,https://www.airbnb.com/rooms/866805467375723312,48084330,Entire home,39.7790586672,-105.0228368274,2,1.0,4,-NA,0,129.0,44.0,3164.0,61.0,29,11.0,27.0,Low,Small,No,No,Yes,No,No,No,1,620
869867120611811343,https://www.airbnb.com/rooms/869867120611811343,1604631,Entire rental unit,39.7522566891,-105.0335526145,2,1.0,4,4.67,3,128.0,68.0,2550.0,44.0,30,13.0,5.0,Moderate,Small,No,No,Yes,Yes,No,No,1,621
870224705273651455,https://www.airbnb.com/rooms/870224705273651455,94956055,Entire rental unit,39.7680408968,-105.0119370531,2,2.0,4,5.0,1,225.0,100.0,12555.0,93.0,29,1.0,31.0,None,Individual,No,No,Yes,No,No,No,1,622
879801499444509134,https://www.airbnb.com/rooms/879801499444509134,512230260,Entire home,39.7534920189,-105.0208942444,2,3.0,5,5.0,11,261.0,78.0,17852.0,69.0,2,21.5,3.0,Low,Individual,No,No,Yes,Yes,No,No,1,623
884043650104940344,https://www.airbnb.com/rooms/884043650104940344,509600971,Entire home,39.7565256,-105.0262009,2,2.5,4,5.0,3,250.0,41.0,1557.0,22.0,3,16.0,4.5,None,Individual,No,No,Yes,No,No,No,1,624
891970948734513215,https://www.airbnb.com/rooms/891970948734513215,44284680,Entire guesthouse,39.777,-105.03588,2,1.0,4,5.0,12,217.5,60.0,17302.0,156.0,1,5.0,5.0,High,Individual,No,No,Yes,No,No,No,1,625
896440077481931727,https://www.airbnb.com/rooms/896440077481931727,69551645,Entire home,39.74674,-105.0293,2,2.5,4,5.0,2,167.0,45.0,5533.0,38.0,2,9.5,1.5,None,Moderate,No,No,Yes,No,No,No,1,626
898523538812950495,https://www.airbnb.com/rooms/898523538812950495,37246940,Entire home,39.7610198246,-105.0135043109,2,3.0,4,5.0,5,275.0,83.0,15875.0,64.0,3,39.0,4.0,Low,Individual,No,No,Yes,No,No,No,1,627
901393461466477621,https://www.airbnb.com/rooms/901393461466477621,516732343,Entire home,39.76656,-105.03944,2,1.0,4,5.0,17,161.0,79.0,15295.0,120.0,1,33.5,3.0,None,Individual,No,No,Yes,Yes,No,No,1,628
905916882278232111,https://www.airbnb.com/rooms/905916882278232111,161416242,Entire home,39.7670638182,-105.0352594371,2,1.0,4,4.95,19,242.0,68.0,18786.0,142.0,1,22.0,4.0,High,Small,No,No,Yes,No,No,No,1,629
910315103161820195,https://www.airbnb.com/rooms/910315103161820195,302808325,Entire home,39.7828359357,-105.0369339758,2,1.5,5,4.9,10,167.5,90.0,5896.0,42.0,3,72.5,3.5,High,Individual,No,No,Yes,Yes,No,No,1,630
913052917983850165,https://www.airbnb.com/rooms/913052917983850165,68824426,Entire home,39.7706862403,-105.0402822659,2,1.0,4,5.0,21,180.0,75.0,12748.0,111.0,2,13.5,3.0,High,Small,No,No,Yes,No,No,No,1,631
920144202613738942,https://www.airbnb.com/rooms/920144202613738942,219524979,Entire rental unit,39.762128121,-105.0104535305,2,0.0,4,-Unknown,2,413.0,68.0,6109.0,40.0,2,24.5,3.0,High,Large,No,No,Yes,No,No,No,1,632
920149942789832505,https://www.airbnb.com/rooms/920149942789832505,219524979,Entire rental unit,39.7639068286,-105.0121135546,2,0.0,4,4.69,13,393.5,50.0,15820.0,111.0,2,9.0,1.0,High,Large,No,No,Yes,No,No,No,1,633
920152089524348145,https://www.airbnb.com/rooms/920152089524348145,219524979,Entire rental unit,39.762329712,-105.0121668933,2,0.0,4,4.38,8,404.5,47.0,14869.0,108.0,2,11.5,1.0,High,Large,No,No,Yes,No,No,No,1,634
922036696393738450,https://www.airbnb.com/rooms/922036696393738450,23724674,Entire home,39.77176,-105.02089,2,2.5,5,5.0,9,275.0,67.0,12858.0,92.0,6,10.0,7.0,Low,Small,No,No,Yes,No,No,No,1,635
924901186512562905,https://www.airbnb.com/rooms/924901186512562905,27860032,Entire home,39.7656015802,-105.0071842624,2,2.0,5,5.0,4,299.0,85.0,5705.0,27.0,2,30.0,3.0,Low,Small,No,No,Yes,Yes,No,No,1,636
927584143056716138,https://www.airbnb.com/rooms/927584143056716138,212108716,Entire home,39.7665000648,-105.0203395027,2,2.0,7,5.0,9,299.0,90.0,11213.0,41.0,2,10.0,7.0,None,Individual,No,No,Yes,No,No,No,1,637
932008639141038173,https://www.airbnb.com/rooms/932008639141038173,947828,Private room in home,39.7638357004,-105.0359896382,2,1.0,4,-NA,0,400.0,14.0,3272.0,66.0,29,9.5,4.5,None,Small,No,No,No,Yes,No,No,1,638
935117721555945908,https://www.airbnb.com/rooms/935117721555945908,71753330,Entire home,39.7654728824,-105.0466710852,2,2.0,5,4.8,10,356.0,47.0,9355.0,62.0,2,15.0,2.0,Moderate,Individual,No,Yes,Yes,Yes,No,No,1,639
944295055727631933,https://www.airbnb.com/rooms/944295055727631933,343743763,Entire condo,39.7633809887,-105.0043328423,2,2.0,2,5.0,1,125.0,100.0,5790.0,65.0,30,30.0,11.0,Low,Small,No,No,Yes,No,No,No,1,640
944970419153082585,https://www.airbnb.com/rooms/944970419153082585,452537929,Entire home,39.754609,-105.0243052,2,3.0,4,-NA,0,130.0,0.0,0.0,35.0,30,0.0,0.0,None,Moderate,No,No,Yes,No,No,No,1,641
952411800728489483,https://www.airbnb.com/rooms/952411800728489483,50323345,Entire home,39.77376,-105.04952,2,1.0,4,-NA,0,79.0,70.0,7358.0,97.0,29,28.0,41.5,None,Small,No,No,Yes,Yes,No,No,1,642
961827750534477545,https://www.airbnb.com/rooms/961827750534477545,417014391,Entire home,39.7779567545,-105.0442333868,2,2.0,4,-NA,0,200.0,0.0,0.0,28.0,30,162.0,1.0,Low,Small,No,No,Yes,Yes,No,No,1,643
966248744026056704,https://www.airbnb.com/rooms/966248744026056704,442243942,Entire rental unit,39.7528294929,-105.0243621127,2,4.0,4,-NA,0,235.0,46.0,3730.0,66.0,29,2.0,30.0,Low,Large,No,No,Yes,Yes,No,No,1,644
967632527330246121,https://www.airbnb.com/rooms/967632527330246121,130583034,Entire home,39.7756267086,-105.0439391804,2,1.5,5,5.0,16,218.0,82.0,2232.0,17.0,1,51.0,2.0,High,Individual,No,No,Yes,No,No,No,1,645
968031781039450187,https://www.airbnb.com/rooms/968031781039450187,142202943,Entire home,39.7569585695,-105.0147142022,2,2.0,6,5.0,1,297.0,21.0,2487.0,47.0,1,17.5,2.0,Moderate,Large,No,No,Yes,No,No,No,1,646
968037970207502638,https://www.airbnb.com/rooms/968037970207502638,142202943,Entire condo,39.7574641406,-105.0163035014,2,2.0,4,4.4,5,304.0,49.0,3663.0,39.0,1,39.0,4.0,Moderate,Large,No,No,Yes,No,No,No,1,647
968038033390597584,https://www.airbnb.com/rooms/968038033390597584,142202943,Entire condo,39.75734,-105.01597,2,2.0,9,-NA,0,322.5,39.0,5703.0,51.0,1,11.0,2.0,Moderate,Large,No,No,Yes,No,No,No,1,648
968038054281863973,https://www.airbnb.com/rooms/968038054281863973,142202943,Entire condo,39.75905,-105.01604,2,2.0,6,5.0,3,314.0,47.0,6288.0,53.0,1,28.0,4.0,Moderate,Large,No,No,Yes,No,No,No,1,649
968038162835562499,https://www.airbnb.com/rooms/968038162835562499,142202943,Entire condo,39.7589060937,-105.0149893612,2,2.0,6,5.0,1,347.0,43.0,5138.0,42.0,1,35.0,3.0,Moderate,Large,No,No,Yes,No,No,No,1,650
968038184027536296,https://www.airbnb.com/rooms/968038184027536296,142202943,Entire condo,39.75928,-105.01494,2,2.0,9,-NA,0,330.5,26.0,2660.0,43.0,1,34.0,2.0,Moderate,Large,No,No,Yes,No,No,No,1,651
968038205515043309,https://www.airbnb.com/rooms/968038205515043309,4665978,Entire condo,39.7593818976,-105.0162071434,2,2.0,6,-Unknown,1,313.0,43.0,4902.0,42.0,1,21.0,2.5,Moderate,Large,No,No,Yes,No,No,No,1,652
968073733820013070,https://www.airbnb.com/rooms/968073733820013070,142202943,Entire condo,39.75757,-105.0148,2,2.0,6,-NA,0,303.0,38.0,4873.0,53.0,1,15.5,3.5,Moderate,Large,No,No,Yes,No,No,No,1,653
976295513083609105,https://www.airbnb.com/rooms/976295513083609105,631373,Entire home,39.7792535335,-105.0128531116,2,1.0,4,-NA,0,150.0,63.0,2500.0,27.0,4,90.0,3.0,None,Individual,No,No,Yes,No,No,No,1,654
981978513237170646,https://www.airbnb.com/rooms/981978513237170646,283022459,Entire home,39.7595437279,-105.0365740573,2,2.0,6,5.0,4,251.0,42.0,2129.0,26.0,2,15.0,5.5,High,Small,No,No,Yes,Yes,No,No,1,655
2975710,https://www.airbnb.com/rooms/2975710,15178224,Entire home,39.75936,-105.04792,3,2.0,6,4.75,32,184.0,90.0,32927.0,271.0,30,105.0,16.0,Moderate,Individual,No,No,Yes,Yes,No,No,0,656
5717755,https://www.airbnb.com/rooms/5717755,29643692,Entire home,39.75182,-105.02219,3,4.0,6,4.96,72,395.0,69.0,16041.0,128.0,29,104.0,32.0,None,Small,No,No,Yes,No,No,No,0,657
8951180,https://www.airbnb.com/rooms/8951180,976565,Entire bungalow,39.75513,-105.02931,3,1.0,6,4.76,21,174.0,86.0,17463.0,190.0,29,56.0,31.0,Moderate,Individual,No,No,Yes,Yes,No,No,0,658
15805779,https://www.airbnb.com/rooms/15805779,117347367,Entire home,39.77117,-105.00761,3,3.0,10,4.94,86,316.0,26.0,21574.0,365.0,30,9.0,31.0,Low,Small,No,No,Yes,No,No,No,0,659
17824243,https://www.airbnb.com/rooms/17824243,26203918,Entire home,39.77389,-105.00556,3,2.0,8,4.96,51,316.0,54.0,50499.0,350.0,2,30.5,3.0,High,Individual,No,No,Yes,Yes,No,No,0,660
18042124,https://www.airbnb.com/rooms/18042124,76129561,Entire home,39.76472,-105.01119,3,2.0,6,4.98,124,290.0,56.0,29201.0,174.0,1,118.0,3.0,None,Individual,No,No,Yes,No,No,No,0,661
19551996,https://www.airbnb.com/rooms/19551996,106952529,Entire home,39.76967,-105.01404,3,1.5,10,4.76,67,186.0,64.0,48810.0,354.0,1,26.5,2.0,High,Individual,No,Yes,Yes,Yes,No,No,0,662
20163628,https://www.airbnb.com/rooms/20163628,24517598,Entire home,39.76321,-105.03722,3,1.5,7,4.9,395,184.0,80.0,58137.0,344.0,1,55.5,3.0,High,Small,No,No,Yes,Yes,No,No,0,663
20518557,https://www.airbnb.com/rooms/20518557,2903727,Entire home,39.76356,-105.04741,3,2.0,7,4.91,156,177.0,72.0,47236.0,346.0,2,37.0,3.0,High,Individual,No,No,Yes,No,No,No,0,664
21242678,https://www.airbnb.com/rooms/21242678,118734623,Entire guesthouse,39.76062,-105.03918,3,1.0,5,4.92,91,185.0,60.0,14912.0,184.0,29,37.5,31.5,None,Individual,No,No,Yes,No,No,No,0,665
21946032,https://www.airbnb.com/rooms/21946032,13466466,Entire home,39.76206,-105.02192,3,1.5,6,4.98,129,299.0,88.0,88147.0,313.0,1,87.5,2.0,None,Individual,No,No,Yes,No,No,No,0,666
21998986,https://www.airbnb.com/rooms/21998986,16722769,Entire townhouse,39.76099,-105.00913,3,3.5,7,5.0,62,549.0,84.0,159113.0,351.0,4,81.0,6.0,None,Individual,No,No,Yes,No,No,No,0,667
22214871,https://www.airbnb.com/rooms/22214871,98229149,Entire home,39.75621,-105.03321,3,2.0,7,4.65,86,158.0,68.0,24494.0,224.0,29,116.0,7.0,None,Individual,No,No,Yes,Yes,No,No,0,668
22880838,https://www.airbnb.com/rooms/22880838,117347367,Entire townhouse,39.76564,-105.00507,3,3.5,6,4.99,239,275.0,62.0,79744.0,342.0,29,15.0,3.0,None,Small,No,No,Yes,No,No,No,0,669
24965772,https://www.airbnb.com/rooms/24965772,63819719,Entire home,39.75795,-105.01179,3,2.5,10,4.97,116,425.0,94.0,56493.0,145.0,3,91.5,3.0,Low,Individual,No,No,Yes,Yes,No,No,0,670
25010516,https://www.airbnb.com/rooms/25010516,6807612,Entire home,39.78043,-105.03681,3,2.0,6,4.86,56,458.5,51.0,40277.0,352.0,1,57.5,56.5,High,Small,No,No,Yes,Yes,No,No,0,671
25141789,https://www.airbnb.com/rooms/25141789,190023449,Entire home,39.76636,-105.01495,3,2.0,8,4.88,88,159.0,89.0,7104.0,63.0,30,13.5,5.5,Low,Individual,No,No,Yes,No,No,No,1,672
25730584,https://www.airbnb.com/rooms/25730584,42681856,Entire townhouse,39.76569,-105.01135,3,1.0,5,4.94,275,169.0,72.0,50451.0,358.0,1,52.0,2.0,None,Individual,No,No,Yes,No,No,No,0,673
26736932,https://www.airbnb.com/rooms/26736932,66242686,Entire townhouse,39.75546,-105.01978,3,2.5,6,4.96,90,532.0,60.0,119387.0,357.0,3,55.0,5.0,None,Small,No,Yes,Yes,No,No,No,0,674
27084940,https://www.airbnb.com/rooms/27084940,7498929,Entire home,39.76457,-105.00411,3,3.5,8,4.96,49,1064.5,70.0,265937.0,362.0,3,28.5,4.5,High,Small,No,No,Yes,No,No,No,0,675
27985624,https://www.airbnb.com/rooms/27985624,107582791,Entire home,39.77834,-105.02467,3,3.0,8,4.9,256,183.0,72.0,42497.0,355.0,2,58.0,3.0,Moderate,Small,No,No,Yes,No,No,No,0,676
28563177,https://www.airbnb.com/rooms/28563177,13095510,Entire home,39.76127,-105.0346,3,1.5,6,5.0,31,365.0,96.0,69262.0,207.0,2,47.0,4.0,None,Individual,No,No,Yes,Yes,No,No,0,677
29059053,https://www.airbnb.com/rooms/29059053,387840604,Entire townhouse,39.77244,-105.00499,3,3.5,6,4.97,69,570.0,58.0,47128.0,219.0,29,2.0,28.0,None,Small,No,No,Yes,Yes,No,No,0,678
31086360,https://www.airbnb.com/rooms/31086360,80797680,Entire home,39.74848,-105.03089,3,3.5,6,4.94,82,217.0,45.0,25359.0,284.0,29,23.0,11.0,None,Individual,No,No,Yes,No,No,No,0,679
34462934,https://www.airbnb.com/rooms/34462934,2224115,Entire bungalow,39.76466,-105.02881,3,2.0,4,4.97,35,299.0,67.0,59723.0,264.0,2,46.0,3.0,None,Small,No,No,Yes,No,No,No,0,680
35972429,https://www.airbnb.com/rooms/35972429,12450054,Entire home,39.75466,-105.03242,3,3.0,6,5.0,9,575.0,88.0,46575.0,92.0,2,27.5,2.0,None,Individual,No,Yes,Yes,Yes,No,No,0,681
37709770,https://www.airbnb.com/rooms/37709770,129439075,Entire home,39.78089,-105.01865,3,2.0,5,5.0,7,294.0,100.0,19046.0,114.0,30,12.0,29.5,High,Moderate,No,No,Yes,Yes,No,No,0,682
41152357,https://www.airbnb.com/rooms/41152357,9834932,Entire home,39.7532,-105.0216,3,2.0,8,4.9,126,310.0,64.0,62390.0,356.0,1,27.5,3.0,High,Large,No,No,Yes,Yes,No,No,0,683
42807831,https://www.airbnb.com/rooms/42807831,249689561,Entire townhouse,39.74681,-105.02701,3,3.5,8,4.89,141,374.0,59.0,86510.0,362.0,2,38.0,3.0,High,Small,No,No,Yes,No,No,No,0,684
43260435,https://www.airbnb.com/rooms/43260435,3484713,Entire home,39.75425,-105.02916,3,2.0,11,4.82,34,381.0,40.0,23283.0,365.0,29,14.0,29.0,None,Small,No,No,Yes,Yes,No,No,0,685
43316442,https://www.airbnb.com/rooms/43316442,299373263,Entire townhouse,39.74803,-105.02243,3,4.0,8,4.96,23,406.0,54.0,74266.0,308.0,2,64.0,3.0,Moderate,Individual,No,No,Yes,No,No,No,0,686
43596072,https://www.airbnb.com/rooms/43596072,97330016,Entire bungalow,39.77946,-105.0225,3,3.0,6,5.0,5,344.5,17.0,2416.0,47.0,2,11.0,2.0,High,Small,No,No,Yes,No,No,No,1,687
43614633,https://www.airbnb.com/rooms/43614633,1055107,Entire home,39.77204,-105.00945,3,3.5,8,4.93,61,499.0,59.0,101727.0,359.0,2,15.0,3.0,Low,Small,No,No,Yes,Yes,No,No,0,688
43652507,https://www.airbnb.com/rooms/43652507,113063764,Entire home,39.76334,-105.00573,3,1.0,6,4.9,30,149.0,74.0,14909.0,179.0,29,41.5,30.0,Low,Individual,No,No,Yes,No,No,No,0,689
43843691,https://www.airbnb.com/rooms/43843691,121718072,Entire townhouse,39.74659,-105.02639,3,3.5,8,5.0,56,538.0,72.0,71940.0,288.0,3,26.5,3.0,High,Large,No,No,Yes,No,No,No,0,690
43920210,https://www.airbnb.com/rooms/43920210,3484713,Entire guest suite,39.75398,-105.03047,3,2.0,10,4.38,13,326.0,66.0,13102.0,174.0,29,0.0,32.0,Low,Small,No,No,Yes,Yes,No,No,0,691
44232824,https://www.airbnb.com/rooms/44232824,141122093,Entire townhouse,39.77682,-105.02026,3,2.0,6,5.0,5,200.0,48.0,13160.0,169.0,30,1.5,18.5,None,Individual,No,No,Yes,Yes,No,No,0,692
45577294,https://www.airbnb.com/rooms/45577294,46886824,Entire home,39.77948,-105.01671,3,2.0,6,4.98,57,250.0,96.0,51939.0,232.0,2,14.5,4.0,None,Small,No,No,Yes,Yes,No,No,0,693
45720276,https://www.airbnb.com/rooms/45720276,9691307,Entire home,39.76196,-105.04902,3,1.0,6,4.73,86,176.0,69.0,37293.0,301.0,28,5.0,2.0,High,Moderate,No,No,Yes,Yes,No,No,0,694
47370604,https://www.airbnb.com/rooms/47370604,8410190,Entire guest suite,39.77599,-105.04857,3,2.0,8,5.0,19,206.0,68.0,45953.0,340.0,3,63.5,3.0,None,Small,No,No,Yes,No,No,No,0,695
47490075,https://www.airbnb.com/rooms/47490075,340445453,Entire rental unit,39.76424,-105.00593,3,2.0,4,4.75,4,150.0,0.0,0.0,280.0,29,0.0,0.0,None,Moderate,No,No,Yes,No,No,No,0,696
48755295,https://www.airbnb.com/rooms/48755295,107279139,Entire rental unit,39.77139,-105.04708,3,1.0,8,5.0,2,126.0,0.0,0.0,365.0,29,0.0,0.0,None,Large,No,No,Yes,No,No,No,0,697
48766983,https://www.airbnb.com/rooms/48766983,107279139,Entire townhouse,39.74602,-105.03243,3,2.5,8,4.6,35,306.0,50.0,29013.0,346.0,1,16.0,3.0,None,Large,No,No,Yes,No,No,No,0,698
49420270,https://www.airbnb.com/rooms/49420270,4602071,Entire rental unit,39.75614,-105.0327,3,2.0,6,4.86,114,240.0,60.0,46678.0,360.0,2,46.5,4.0,High,Moderate,No,No,Yes,Yes,No,No,0,699
50270167,https://www.airbnb.com/rooms/50270167,401251189,Entire condo,39.758202,-105.015572,3,2.5,12,4.85,79,407.0,61.0,42454.0,353.0,1,35.5,3.0,None,Moderate,No,No,Yes,No,No,No,0,700
50291676,https://www.airbnb.com/rooms/50291676,129740790,Entire guest suite,39.75922,-105.03471,3,1.0,4,4.92,97,238.0,68.0,39022.0,312.0,2,20.0,3.0,Moderate,Individual,No,No,No,No,No,No,0,701
50308768,https://www.airbnb.com/rooms/50308768,404710147,Entire home,39.76371,-105.0297,3,2.0,8,4.97,117,325.0,45.0,50283.0,358.0,2,37.5,3.0,Low,Individual,No,No,Yes,No,No,No,0,702
50421563,https://www.airbnb.com/rooms/50421563,401251189,Entire condo,39.757935,-105.01548,3,2.5,12,4.86,59,419.0,63.0,44790.0,354.0,1,28.0,3.0,None,Moderate,No,No,Yes,No,No,No,0,703
50600260,https://www.airbnb.com/rooms/50600260,263502162,Entire home,39.76545,-105.010315,3,3.5,4,5.0,10,476.0,63.0,72431.0,267.0,4,11.5,4.5,None,Large,No,No,Yes,No,No,No,0,704
51735228,https://www.airbnb.com/rooms/51735228,2619306,Entire home,39.77268,-105.0421,3,2.5,6,4.98,80,520.0,32.0,24955.0,251.0,2,17.0,4.5,Low,Large,No,No,Yes,No,No,No,0,705
51806978,https://www.airbnb.com/rooms/51806978,28374392,Entire home,39.78107,-105.03375,3,2.0,6,4.97,29,252.0,62.0,28492.0,199.0,3,56.0,4.0,None,Individual,No,No,Yes,No,No,No,0,706
52129891,https://www.airbnb.com/rooms/52129891,12744104,Entire home,39.76921,-105.03631,3,1.0,4,5.0,3,128.0,58.0,12000.0,130.0,29,39.0,3.0,None,Small,No,No,Yes,No,No,No,0,707
52828018,https://www.airbnb.com/rooms/52828018,427702688,Entire home,39.776138,-105.040291,3,2.0,9,4.87,38,395.0,50.0,45818.0,356.0,2,60.0,3.0,Moderate,Individual,No,No,Yes,No,No,No,0,708
53129581,https://www.airbnb.com/rooms/53129581,5877042,Entire home,39.77244,-105.00728,3,2.0,7,4.92,60,269.0,73.0,75272.0,361.0,2,91.0,3.0,Moderate,Individual,No,No,Yes,Yes,No,No,0,709
53147227,https://www.airbnb.com/rooms/53147227,340445453,Entire townhouse,39.7801,-105.01187,3,2.0,8,4.78,9,399.0,38.0,24166.0,365.0,29,0.0,28.0,None,Moderate,No,No,Yes,No,No,No,0,710
53527137,https://www.airbnb.com/rooms/53527137,121718072,Entire home,39.76659,-105.01736,3,4.0,6,4.94,16,605.0,89.0,4015.0,9.0,3,379.0,2.0,Moderate,Large,No,No,Yes,No,No,No,0,711
53612722,https://www.airbnb.com/rooms/53612722,433856602,Entire home,39.77089,-105.00719,3,2.5,6,4.98,81,375.0,75.0,108384.0,362.0,2,73.5,3.0,None,Individual,No,No,Yes,Yes,No,No,0,712
53613288,https://www.airbnb.com/rooms/53613288,24149592,Entire home,39.772,-105.0432,3,2.0,6,5.0,4,548.0,95.0,41014.0,167.0,2,25.0,4.0,None,Small,No,No,Yes,No,No,No,0,713
53676526,https://www.airbnb.com/rooms/53676526,23717157,Entire home,39.75308,-105.03671,3,2.0,4,5.0,1,325.0,25.0,22075.0,338.0,29,5.0,1.0,None,Individual,No,No,Yes,No,No,No,0,714
53953636,https://www.airbnb.com/rooms/53953636,69551645,Entire home,39.77158,-105.01671,3,2.0,6,5.0,38,198.0,74.0,43491.0,364.0,2,20.0,3.0,High,Moderate,No,No,Yes,Yes,No,No,0,715
54051364,https://www.airbnb.com/rooms/54051364,26242355,Entire home,39.76725,-105.00944,3,2.0,7,4.93,14,399.0,66.0,80003.0,345.0,1,7.0,3.0,None,Small,No,No,Yes,No,No,No,0,716
54132444,https://www.airbnb.com/rooms/54132444,121718072,Entire townhouse,39.74601,-105.02654,3,3.5,6,4.66,44,574.0,73.0,71776.0,299.0,2,20.0,3.0,High,Large,No,No,Yes,No,No,No,0,717
542040231642085862,https://www.airbnb.com/rooms/542040231642085862,78499438,Entire home,39.75648,-105.02587,3,2.0,10,5.0,9,726.0,88.0,100083.0,263.0,1,36.0,3.0,None,Small,No,Yes,Yes,No,No,No,0,718
565234057498984267,https://www.airbnb.com/rooms/565234057498984267,33243216,Entire home,39.76953,-105.02033,3,2.0,6,4.97,30,337.0,60.0,73859.0,304.0,2,32.5,3.0,Low,Individual,No,No,Yes,No,No,No,0,719
583869366454190736,https://www.airbnb.com/rooms/583869366454190736,24584153,Entire townhouse,39.7523,-105.02075,3,4.0,6,5.0,25,350.0,25.0,30538.0,365.0,29,62.0,3.0,None,Individual,No,No,Yes,No,No,No,0,720
584717194416438644,https://www.airbnb.com/rooms/584717194416438644,33703515,Entire home,39.755054,-105.034943,3,2.0,6,5.0,1,149.0,96.0,13290.0,91.0,29,39.0,21.5,None,Small,No,No,Yes,Yes,No,No,0,721
588309836929261737,https://www.airbnb.com/rooms/588309836929261737,52771813,Entire home,39.76254,-105.00669,3,3.5,7,4.94,48,575.0,70.0,136954.0,345.0,2,28.0,3.0,High,Individual,No,Yes,Yes,No,No,No,0,722
590041355794154303,https://www.airbnb.com/rooms/590041355794154303,13110443,Entire home,39.7665176392,-105.0372695923,3,2.0,6,4.98,55,540.0,72.0,127601.0,355.0,1,27.0,3.0,High,Individual,No,No,Yes,No,No,No,0,723
592811635791521125,https://www.airbnb.com/rooms/592811635791521125,55147127,Entire bungalow,39.7496267557,-105.0368737716,3,2.0,6,5.0,1,405.0,84.0,28440.0,83.0,3,66.0,6.0,Low,Small,No,No,Yes,No,No,No,1,724
623298670657398656,https://www.airbnb.com/rooms/623298670657398656,43001445,Entire townhouse,39.76014,-105.01303,3,3.0,7,5.0,23,759.0,80.0,174519.0,285.0,1,31.0,2.0,Low,Small,No,No,Yes,Yes,No,No,1,725
628491611616866967,https://www.airbnb.com/rooms/628491611616866967,459477784,Entire townhouse,39.7663,-105.00755,3,3.5,6,4.93,46,531.0,94.0,114468.0,329.0,1,47.0,4.0,High,Individual,No,No,Yes,No,No,No,0,726
643540730589821859,https://www.airbnb.com/rooms/643540730589821859,19908482,Entire home,39.7549155631,-105.0246169136,3,2.0,6,4.67,9,350.0,48.0,10838.0,103.0,2,20.0,3.0,None,Small,No,No,Yes,No,No,No,0,727
648787392012604437,https://www.airbnb.com/rooms/648787392012604437,145580931,Entire home,39.7681978638,-105.0499214645,3,1.5,4,-NA,0,200.0,54.0,25800.0,240.0,29,1.0,2.0,None,Small,No,No,Yes,Yes,No,No,1,728
650085529095764505,https://www.airbnb.com/rooms/650085529095764505,20977649,Entire home,39.76951,-105.05078,3,1.0,8,4.83,12,498.0,72.0,95805.0,295.0,2,41.0,5.0,None,Individual,No,Yes,Yes,Yes,No,No,0,729
654234858856148146,https://www.airbnb.com/rooms/654234858856148146,8282750,Entire home,39.7721438,-105.0156512,3,3.5,6,4.92,13,350.0,18.0,16785.0,289.0,2,21.5,4.5,None,Individual,No,No,Yes,No,No,No,0,730
671850979273654736,https://www.airbnb.com/rooms/671850979273654736,107279139,Entire townhouse,39.76266,-105.01554,3,3.5,8,4.89,47,389.5,62.0,39938.0,326.0,2,39.0,3.0,None,Large,No,No,Yes,No,No,No,0,731
674611885660936051,https://www.airbnb.com/rooms/674611885660936051,11496527,Entire home,39.77574,-105.04012,3,3.0,8,5.0,5,350.0,82.0,99985.0,364.0,3,41.5,3.0,None,Individual,No,No,Yes,No,No,No,0,732
675566690007299701,https://www.airbnb.com/rooms/675566690007299701,127384140,Entire home,39.7745214583,-105.0043292656,3,2.0,5,5.0,4,206.5,79.0,37502.0,284.0,3,13.5,5.0,None,Individual,No,No,Yes,No,No,No,0,733
712417414848715940,https://www.airbnb.com/rooms/712417414848715940,121718072,Entire townhouse,39.7458,-105.02644,3,3.5,10,4.82,22,488.0,89.0,104039.0,329.0,2,5.0,2.0,High,Large,No,No,Yes,No,No,No,0,734
718816278989804273,https://www.airbnb.com/rooms/718816278989804273,24631860,Entire home,39.78106,-105.02052,3,3.5,6,4.9,29,400.0,60.0,44006.0,216.0,2,56.0,3.0,None,Individual,No,No,Yes,No,No,No,0,735
720380344520529601,https://www.airbnb.com/rooms/720380344520529601,6571345,Entire home,39.7526582,-105.0325233,3,2.5,7,5.0,5,135.0,72.0,21856.0,246.0,29,160.0,2.0,None,Individual,No,No,Yes,Yes,No,No,0,736
721550713403013154,https://www.airbnb.com/rooms/721550713403013154,5191065,Entire townhouse,39.75342,-105.01912,3,3.0,5,5.0,16,460.0,66.0,50300.0,188.0,3,40.0,1.0,Low,Individual,No,No,Yes,No,No,No,0,737
725635085598804216,https://www.airbnb.com/rooms/725635085598804216,2619306,Entire home,39.76545,-105.05079,3,2.0,6,5.0,3,222.5,6.0,2963.0,327.0,1,8.0,2.0,High,Large,No,No,Yes,Yes,No,No,0,738
729186134180152192,https://www.airbnb.com/rooms/729186134180152192,40988201,Entire home,39.760315517,-105.0366475358,3,1.5,5,5.0,26,400.0,96.0,81547.0,244.0,2,37.0,4.0,Low,Individual,No,Yes,Yes,No,No,No,0,739
730367630464917794,https://www.airbnb.com/rooms/730367630464917794,64120073,Entire townhouse,39.76235,-105.02466,3,4.0,6,5.0,6,500.0,91.0,55959.0,172.0,2,83.0,3.0,None,Small,No,No,Yes,Yes,No,No,0,740
766383497117362854,https://www.airbnb.com/rooms/766383497117362854,15895580,Entire home,39.75006,-105.03395,3,1.5,5,5.0,3,192.5,70.0,34251.0,272.0,29,34.0,29.0,Low,Small,No,Yes,Yes,Yes,No,No,0,741
772507366618873155,https://www.airbnb.com/rooms/772507366618873155,37408639,Entire home,39.7786662,-105.0161789,3,2.0,8,5.0,2,599.0,26.0,25319.0,311.0,3,13.5,7.5,None,Small,No,No,Yes,Yes,No,No,1,742
777695930302584758,https://www.airbnb.com/rooms/777695930302584758,1388894,Entire home,39.7636573298,-105.0432092941,3,2.0,5,4.92,12,289.0,73.0,12487.0,66.0,2,48.5,5.0,None,Small,No,No,Yes,Yes,No,No,1,743
786238437284187150,https://www.airbnb.com/rooms/786238437284187150,8003782,Entire home,39.7664266037,-105.0439275524,3,3.5,6,-NA,0,298.0,0.0,0.0,167.0,29,93.0,1.0,None,Small,No,No,Yes,No,No,No,1,744
786954114221690829,https://www.airbnb.com/rooms/786954114221690829,31487303,Entire home,39.7710566,-105.043116,3,3.5,10,-NA,0,190.0,21.0,20522.0,319.0,29,0.0,33.5,None,Small,No,No,Yes,Yes,No,Yes,1,745
806507077257345158,https://www.airbnb.com/rooms/806507077257345158,121718072,Entire townhouse,39.74601,-105.02654,3,3.5,8,4.75,12,400.0,55.0,48239.0,210.0,2,42.0,3.0,Moderate,Large,No,Yes,Yes,No,No,No,1,746
807200067805949742,https://www.airbnb.com/rooms/807200067805949742,41540223,Entire home,39.7816583056,-105.0132369672,3,2.0,10,5.0,4,350.0,74.0,6097.0,27.0,3,7.0,2.0,None,Small,No,Yes,Yes,Yes,No,No,1,747
813671068436689105,https://www.airbnb.com/rooms/813671068436689105,47972760,Entire home,39.747370000000004,-105.02481,3,3.5,8,-NA,0,988.0,74.0,16296.0,23.0,1,62.0,3.0,None,Small,No,No,Yes,Yes,No,No,1,748
814495898252483732,https://www.airbnb.com/rooms/814495898252483732,20565369,Entire home,39.764864688,-105.0178563864,3,3.0,6,5.0,2,635.0,100.0,33891.0,75.0,4,85.0,9.0,Low,Small,No,No,Yes,Yes,Yes,No,1,749
825550813870652356,https://www.airbnb.com/rooms/825550813870652356,491207862,Entire home,39.7569137294,-105.0238600337,3,2.5,6,4.93,46,303.0,77.0,54714.0,231.0,1,87.0,3.0,Low,Individual,No,No,Yes,Yes,No,No,1,750
826381356645646396,https://www.airbnb.com/rooms/826381356645646396,38179510,Entire home,39.7531817121,-105.0205622719,3,3.5,9,4.96,26,345.0,50.0,65545.0,252.0,2,45.5,3.0,High,Individual,No,Yes,Yes,No,No,Yes,1,751
827885354256451649,https://www.airbnb.com/rooms/827885354256451649,33703515,Entire home,39.7546078692,-105.0359579752,3,2.0,6,5.0,2,134.0,98.0,9053.0,93.0,29,47.0,30.0,None,Small,No,No,Yes,Yes,No,No,1,752
855327275561281832,https://www.airbnb.com/rooms/855327275561281832,125178529,Entire home,39.762229,-105.0149835,3,4.5,6,5.0,18,730.0,72.0,75478.0,156.0,2,41.0,3.0,High,Individual,No,No,Yes,No,No,No,1,753
864592023965037304,https://www.airbnb.com/rooms/864592023965037304,121718072,Entire home,39.77457,-105.01618,3,2.5,6,4.67,9,282.0,70.0,24802.0,139.0,2,22.0,4.0,High,Large,No,No,Yes,No,No,No,1,754
868862480403511345,https://www.airbnb.com/rooms/868862480403511345,3023868,Entire home,39.7751547,-105.0074496,3,2.5,5,5.0,1,329.0,69.0,19740.0,87.0,30,8.5,30.0,None,Large,No,No,Yes,No,No,No,1,755
878955612195395921,https://www.airbnb.com/rooms/878955612195395921,10137308,Entire home,39.7747409688,-105.0091381452,3,2.0,8,-NA,0,178.5,0.0,0.0,0.0,30,0.0,0.0,Moderate,Small,No,No,Yes,Yes,No,No,1,756
879003853440822388,https://www.airbnb.com/rooms/879003853440822388,11315134,Entire home,39.7657224541,-105.0141031472,3,3.5,10,4.5,1,550.0,42.0,23542.0,104.0,1,34.5,4.0,None,Small,No,No,Yes,Yes,No,No,1,757
879997114192974740,https://www.airbnb.com/rooms/879997114192974740,121718072,Entire townhouse,39.74601,-105.02654,3,3.5,6,4.64,11,311.0,71.0,28574.0,135.0,2,16.5,3.0,High,Large,No,No,Yes,No,No,No,1,758
885716303784245711,https://www.airbnb.com/rooms/885716303784245711,326935430,Entire home,39.7825326,-105.0248638,3,2.0,6,5.0,21,299.0,85.0,20800.0,124.0,1,23.5,3.0,Moderate,Small,No,No,Yes,No,No,No,1,759
919073959090796439,https://www.airbnb.com/rooms/919073959090796439,32512217,Entire home,39.7779851162,-105.0332419464,3,2.0,6,5.0,3,430.0,72.0,14260.0,40.0,2,33.5,3.0,Low,Small,No,No,Yes,No,No,No,1,760
919426282565454215,https://www.airbnb.com/rooms/919426282565454215,107434423,Entire home,39.7475083224,-105.0269345194,3,3.5,8,4.5,4,650.0,57.0,31385.0,65.0,1,13.5,1.0,Moderate,Large,No,No,Yes,Yes,No,No,1,761
931057809034591203,https://www.airbnb.com/rooms/931057809034591203,63538704,Entire home,39.7767233839,-105.0060407989,3,3.5,7,5.0,4,374.0,46.0,11172.0,72.0,2,26.5,2.5,High,Individual,No,No,Yes,No,No,No,1,762
949281145965526683,https://www.airbnb.com/rooms/949281145965526683,416637142,Entire home,39.74982,-105.02502,3,3.0,6,5.0,1,500.0,55.0,20500.0,74.0,3,32.0,4.0,None,Small,No,No,Yes,No,No,No,1,763
954683033347509745,https://www.airbnb.com/rooms/954683033347509745,383837798,Entire home,39.75577,-105.02743,3,3.5,8,-NA,0,230.0,0.0,0.0,82.0,30,0.0,0.0,None,Large,No,No,Yes,No,No,No,1,764
959615598453969634,https://www.airbnb.com/rooms/959615598453969634,374919418,Entire home,39.77028,-105.00445,3,2.5,6,-NA,0,175.0,46.0,6825.0,84.0,29,3.0,5.0,None,Large,No,No,Yes,No,No,No,1,765
966052955291264246,https://www.airbnb.com/rooms/966052955291264246,107279139,Entire home,39.7764136534,-105.0280837364,3,1.5,5,4.67,3,207.0,45.0,1950.0,38.0,1,41.0,7.0,None,Large,No,No,Yes,No,No,No,1,766
968037991296718016,https://www.airbnb.com/rooms/968037991296718016,142202943,Entire condo,39.7589960648,-105.0158968638,3,2.5,8,-Unknown,1,462.0,44.0,10504.0,59.0,1,21.5,2.0,Moderate,Large,No,No,Yes,No,No,No,1,767
968038120057853249,https://www.airbnb.com/rooms/968038120057853249,142202943,Entire condo,39.75724,-105.0145,3,2.5,11,-NA,0,503.5,32.0,7279.0,53.0,1,13.0,2.0,Moderate,Large,No,No,Yes,No,No,No,1,768
970914305412634480,https://www.airbnb.com/rooms/970914305412634480,121718072,Entire home,39.76805,-105.02554,3,1.0,6,-NA,0,165.0,55.0,3151.0,40.0,2,14.0,2.0,High,Large,No,No,Yes,No,No,No,1,769
973916827213121782,https://www.airbnb.com/rooms/973916827213121782,121718072,Entire home,39.76746,-105.01053,3,2.5,6,-NA,0,336.0,15.0,1242.0,26.0,2,66.0,5.0,None,Large,No,No,Yes,Yes,No,No,1,770
6471872,https://www.airbnb.com/rooms/6471872,7477197,Entire home,39.75888,-105.03531,4,2.0,7,4.94,54,475.0,99.0,129372.0,327.0,3,123.0,5.5,None,Small,No,Yes,Yes,Yes,No,No,0,771
13973540,https://www.airbnb.com/rooms/13973540,7556262,Entire home,39.755726,-105.026726,4,3.5,8,4.97,123,387.0,85.0,171668.0,355.0,29,23.0,3.0,High,Large,No,No,Yes,Yes,No,No,0,772
14824298,https://www.airbnb.com/rooms/14824298,65404428,Entire home,39.77064,-105.02294,4,2.0,8,4.85,111,156.0,72.0,14395.0,134.0,29,41.0,6.0,Moderate,Small,No,No,Yes,Yes,No,No,0,773
16244480,https://www.airbnb.com/rooms/16244480,4156700,Entire home,39.74874,-105.03931,4,3.5,6,5.0,6,4464.0,49.0,523356.0,333.0,1,1.0,2.0,None,Small,No,Yes,Yes,No,No,No,0,774
18753893,https://www.airbnb.com/rooms/18753893,22887767,Entire home,39.76429,-105.00783,4,4.0,8,4.98,243,768.0,98.0,185545.0,256.0,2,53.0,3.0,None,Individual,No,Yes,Yes,No,No,No,0,775
19123588,https://www.airbnb.com/rooms/19123588,63715244,Entire home,39.76254,-105.00457,4,2.0,8,4.92,273,160.0,61.0,32075.0,265.0,29,80.0,29.0,None,Individual,No,No,Yes,No,No,No,0,776
20623366,https://www.airbnb.com/rooms/20623366,9921222,Entire home,39.76191,-105.03524,4,2.0,8,4.92,97,400.0,86.0,26019.0,258.0,3,84.0,6.0,None,Small,No,No,Yes,No,No,No,0,777
22231253,https://www.airbnb.com/rooms/22231253,10989140,Entire home,39.77358,-105.02145,4,2.0,8,4.85,266,258.0,75.0,24712.0,169.0,3,38.0,4.0,Moderate,Small,No,No,Yes,No,No,No,0,778
24087247,https://www.airbnb.com/rooms/24087247,8201883,Entire home,39.76103,-105.01502,4,3.5,14,5.0,181,799.0,39.0,121839.0,364.0,2,71.0,2.0,None,Individual,No,No,Yes,Yes,No,No,0,779
26300543,https://www.airbnb.com/rooms/26300543,91134795,Entire home,39.76353,-105.01764,4,4.0,10,4.97,35,695.0,55.0,147693.0,357.0,1,39.0,3.0,Moderate,Small,No,No,Yes,No,No,No,0,780
29438769,https://www.airbnb.com/rooms/29438769,65414250,Entire home,39.7687,-105.01254,4,3.0,10,4.85,131,425.0,52.0,62317.0,317.0,2,60.0,3.0,None,Small,No,Yes,Yes,No,No,No,0,781
30775073,https://www.airbnb.com/rooms/30775073,32306027,Entire home,39.77826,-105.04538,4,3.5,8,5.0,12,500.0,82.0,32010.0,78.0,4,23.5,6.0,None,Small,No,No,Yes,No,No,No,0,782
31621075,https://www.airbnb.com/rooms/31621075,186538025,Entire home,39.77936,-105.02652,4,2.0,10,4.84,314,187.0,0.0,0.0,23.0,30,0.0,0.0,None,Moderate,No,No,Yes,No,No,Yes,0,783
42138861,https://www.airbnb.com/rooms/42138861,30855368,Entire home,39.7618484497,-105.0082321167,4,4.0,10,5.0,45,1595.0,45.0,141784.0,251.0,2,34.0,3.0,Low,Moderate,No,Yes,Yes,No,No,Yes,0,784
43070342,https://www.airbnb.com/rooms/43070342,342837213,Entire rental unit,39.77659,-105.04381,4,4.0,14,5.0,4,649.0,97.0,241308.0,356.0,1,69.0,2.0,High,Small,No,No,Yes,No,No,No,0,785
44501060,https://www.airbnb.com/rooms/44501060,170996261,Entire home,39.77718,-105.01662,4,2.5,8,4.91,43,800.0,58.0,19120.0,52.0,92,0.0,19.0,None,Small,No,No,Yes,No,No,No,0,786
44557652,https://www.airbnb.com/rooms/44557652,1750207,Entire home,39.76127,-105.0407,4,4.0,8,-NA,0,1100.0,21.0,71500.0,307.0,29,1.0,2.0,None,Small,No,No,Yes,No,No,No,0,787
45774339,https://www.airbnb.com/rooms/45774339,17683421,Entire home,39.75246,-105.02605,4,2.0,4,5.0,8,170.0,37.0,9921.0,164.0,30,0.0,29.0,None,Individual,No,No,Yes,Yes,No,No,0,788
48124356,https://www.airbnb.com/rooms/48124356,23789665,Entire home,39.7681617737,-105.0071563721,4,2.0,8,4.89,121,440.0,58.0,77557.0,347.0,3,34.0,3.0,High,Individual,No,Yes,Yes,Yes,No,No,0,789
48940395,https://www.airbnb.com/rooms/48940395,394736170,Entire townhouse,39.76316,-105.01614,4,3.5,10,4.96,118,224.0,63.0,104827.0,339.0,30,55.0,3.0,High,Small,No,No,Yes,No,No,No,0,790
49198556,https://www.airbnb.com/rooms/49198556,50200670,Entire townhouse,39.7635,-105.01397,4,3.5,9,5.0,63,800.0,54.0,103551.0,311.0,2,59.5,3.0,None,Individual,No,No,Yes,No,No,No,0,791
49777274,https://www.airbnb.com/rooms/49777274,174195569,Entire townhouse,39.76486,-105.01049,4,3.5,8,5.0,21,1085.0,16.0,57704.0,363.0,2,34.0,3.0,None,Individual,No,No,Yes,No,No,No,0,792
49809657,https://www.airbnb.com/rooms/49809657,11999984,Entire home,39.7599372864,-105.0378417969,4,3.5,8,5.0,29,527.0,100.0,131931.0,355.0,3,75.0,3.0,High,Small,No,No,Yes,No,No,No,0,793
51410999,https://www.airbnb.com/rooms/51410999,2995486,Entire home,39.78181,-105.02456,4,2.0,9,5.0,1,400.0,13.0,12400.0,242.0,29,0.0,15.5,None,Small,No,No,Yes,Yes,No,No,0,794
51794518,https://www.airbnb.com/rooms/51794518,62042053,Entire home,39.76024,-105.0165,4,3.5,12,4.97,38,1595.0,29.0,153663.0,363.0,2,88.0,4.0,None,Individual,No,No,Yes,No,No,No,0,795
52088587,https://www.airbnb.com/rooms/52088587,774,Entire home,39.77373,-105.04649,4,3.5,7,4.96,23,450.0,46.0,39285.0,231.0,1,60.0,4.0,None,Small,No,No,Yes,No,No,No,0,796
52558612,https://www.airbnb.com/rooms/52558612,21128768,Entire home,39.76742,-105.00676,4,2.0,12,5.0,33,700.0,64.0,128103.0,313.0,3,23.0,3.0,High,Individual,No,No,Yes,Yes,No,No,0,797
527738007291860697,https://www.airbnb.com/rooms/527738007291860697,64807431,Entire home,39.78226,-105.02313,4,2.0,12,5.0,19,300.0,14.0,3000.0,69.0,29,8.5,2.5,None,Small,No,No,Yes,Yes,No,No,0,798
581486416321170787,https://www.airbnb.com/rooms/581486416321170787,24798188,Entire residential home,39.7658057309,-105.0505306075,4,2.0,9,-NA,0,280.0,33.0,7665.0,89.0,1,0.0,0.0,None,Small,No,No,Yes,No,No,No,0,799
583312910457550959,https://www.airbnb.com/rooms/583312910457550959,32224289,Entire home,39.77066,-105.03821,4,4.5,8,5.0,3,300.0,99.0,54097.0,186.0,3,59.0,5.5,None,Individual,No,No,Yes,No,No,No,0,800
600713196138526140,https://www.airbnb.com/rooms/600713196138526140,2619306,Entire home,39.76243,-105.01348,4,2.0,7,4.88,41,425.0,60.0,25206.0,85.0,1,22.0,2.0,High,Large,No,No,Yes,No,No,No,0,801
614448587489340489,https://www.airbnb.com/rooms/614448587489340489,18768549,Entire home,39.76593,-105.02347,4,2.5,8,4.69,26,313.0,23.0,21212.0,363.0,3,13.0,5.0,None,Small,No,No,Yes,No,No,No,0,802
632588874164229344,https://www.airbnb.com/rooms/632588874164229344,9691307,Entire townhouse,39.76839,-105.0122,4,3.5,8,4.91,47,750.0,79.0,120180.0,254.0,1,16.0,2.0,High,Moderate,No,Yes,Yes,Yes,No,No,0,803
667808591781201591,https://www.airbnb.com/rooms/667808591781201591,468629015,Entire home,39.76628,-105.02645,4,3.0,8,4.83,42,324.5,60.0,73083.0,347.0,2,45.0,3.0,High,Individual,No,No,Yes,No,No,No,0,804
739985040977578956,https://www.airbnb.com/rooms/739985040977578956,63981834,Entire home,39.76224,-105.02578,4,5.5,8,5.0,4,496.0,59.0,50160.0,329.0,30,9.5,32.0,High,Moderate,No,No,Yes,No,No,No,1,805
744684629395125850,https://www.airbnb.com/rooms/744684629395125850,484866290,Entire townhouse,39.76568,-105.01239,4,3.5,12,4.94,31,616.0,61.0,108754.0,300.0,2,81.0,3.0,High,Individual,No,No,Yes,No,No,No,0,806
745544985036489294,https://www.airbnb.com/rooms/745544985036489294,416637142,Entire home,39.74859,-105.02298,4,4.0,8,5.0,4,850.0,68.0,100812.0,186.0,3,12.0,5.0,None,Small,No,No,Yes,No,No,No,0,807
748722977778850526,https://www.airbnb.com/rooms/748722977778850526,203242258,Entire townhouse,39.7517961612,-105.0240754503,4,4.5,8,4.52,33,353.0,62.0,53046.0,318.0,1,54.5,2.0,Moderate,Small,No,No,Yes,No,No,No,0,808
753223156131682820,https://www.airbnb.com/rooms/753223156131682820,764912,Entire home,39.7733792195,-105.0052021299,4,3.5,9,4.92,12,400.0,60.0,27317.0,153.0,3,33.0,4.0,Low,Small,No,No,Yes,Yes,No,No,1,809
760960278154277819,https://www.airbnb.com/rooms/760960278154277819,453216529,Entire home,39.78248,-105.02322,4,2.0,12,5.0,2,300.0,70.0,92040.0,328.0,1,40.5,5.0,None,Small,No,No,Yes,Yes,No,No,0,810
761097400434841164,https://www.airbnb.com/rooms/761097400434841164,283666362,Entire home,39.76903,-105.01162,4,3.0,6,4.97,31,308.0,69.0,57614.0,294.0,3,124.5,5.0,Low,Individual,No,No,Yes,No,No,No,0,811
782017874758409672,https://www.airbnb.com/rooms/782017874758409672,41540223,Entire home,39.78134,-105.01499,4,2.0,12,4.5,1,440.0,14.0,575.0,7.0,2,47.0,1.0,None,Small,No,Yes,Yes,Yes,No,No,1,812
803588342113644904,https://www.airbnb.com/rooms/803588342113644904,445697747,Entire home,39.7839461064,-105.0228860446,4,3.5,6,-NA,0,376.0,0.0,0.0,0.0,30,29.0,31.0,None,Moderate,No,No,Yes,No,No,No,1,813
830448510254866216,https://www.airbnb.com/rooms/830448510254866216,263068637,Entire home,39.7618543443,-105.0456178059,4,3.0,8,-NA,0,309.0,0.0,0.0,140.0,30,0.0,0.0,None,Small,No,Yes,Yes,No,No,No,1,814
834294940672029785,https://www.airbnb.com/rooms/834294940672029785,11817280,Entire home,39.7752127,-105.0466018,4,3.5,8,-NA,0,495.0,77.0,13365.0,35.0,5,5.0,2.0,None,Small,No,No,Yes,No,No,No,1,815
843903310993454716,https://www.airbnb.com/rooms/843903310993454716,121718072,Entire townhouse,39.76717,-105.01054,4,3.5,8,4.8,10,468.0,72.0,60162.0,196.0,2,62.0,3.0,Moderate,Large,No,No,Yes,No,No,No,1,816
848045509671575084,https://www.airbnb.com/rooms/848045509671575084,249689561,Entire townhouse,39.76375,-105.01301,4,4.0,12,4.96,23,658.0,48.0,75672.0,225.0,2,97.0,3.0,High,Small,No,No,Yes,No,No,No,1,817
848144917417088509,https://www.airbnb.com/rooms/848144917417088509,80999780,Entire home,39.7726953,-105.0507002,4,3.0,8,4.8,10,381.0,61.0,21680.0,113.0,2,17.0,4.0,High,Individual,No,No,Yes,No,No,No,1,818
887011723316210444,https://www.airbnb.com/rooms/887011723316210444,9691307,Entire home,39.7699655859,-105.0120022258,4,3.5,8,-Unknown,1,733.5,45.0,22038.0,93.0,1,17.0,2.0,High,Moderate,No,Yes,Yes,Yes,No,No,1,819
897215350555431295,https://www.airbnb.com/rooms/897215350555431295,7728287,Entire home,39.75992,-105.03982,4,4.0,8,-NA,0,380.0,0.0,0.0,0.0,5,265.0,1.0,None,Individual,No,No,Yes,No,No,No,1,820
902877258730121864,https://www.airbnb.com/rooms/902877258730121864,43635740,Entire home,39.7682389254,-105.0070816769,4,4.0,8,-NA,0,503.0,46.0,19664.0,125.0,10,16.0,11.0,None,Small,No,No,Yes,No,No,No,1,821
907173877760890373,https://www.airbnb.com/rooms/907173877760890373,137518531,Entire home,39.7719013772,-105.0430813712,4,5.0,5,-NA,0,300.0,41.0,23480.0,140.0,30,5.5,1.0,None,Small,No,No,Yes,Yes,No,No,1,822
912513776531612849,https://www.airbnb.com/rooms/912513776531612849,33703515,Entire home,39.76969,-105.03918,4,3.5,14,5.0,2,416.0,4.0,717.0,53.0,2,4.0,2.0,High,Small,No,Yes,Yes,Yes,No,No,1,823
947189328368965614,https://www.airbnb.com/rooms/947189328368965614,3625067,Entire home,39.74869,-105.02708,4,4.0,6,-NA,0,235.0,0.0,0.0,20.0,29,0.0,0.0,None,Individual,No,No,Yes,Yes,No,No,1,824
967518494047242074,https://www.airbnb.com/rooms/967518494047242074,425210016,Entire home,39.75069,-105.03014,4,2.0,8,5.0,9,329.0,53.0,2882.0,15.0,2,35.0,2.0,None,Moderate,No,No,Yes,Yes,No,Yes,1,825
13741042,https://www.airbnb.com/rooms/13741042,48084330,Entire bungalow,39.77571,-105.01676,5,2.0,10,5.0,6,300.0,94.0,77880.0,260.0,2,59.0,4.0,Low,Small,No,No,Yes,No,No,No,0,826
17889994,https://www.airbnb.com/rooms/17889994,90331945,Entire home,39.75368,-105.03374,5,4.5,10,4.97,64,975.0,86.0,129412.0,164.0,2,61.5,4.0,None,Individual,No,No,Yes,No,No,No,0,827
18018738,https://www.airbnb.com/rooms/18018738,20578951,Entire home,39.75712,-105.02419,5,2.0,16,4.95,346,275.0,60.0,104803.0,362.0,2,61.0,3.0,None,Individual,No,No,Yes,No,No,No,0,828
19345497,https://www.airbnb.com/rooms/19345497,114383856,Entire home,39.75164,-105.02892,5,3.0,15,4.92,26,372.0,12.0,11685.0,206.0,30,41.0,10.5,None,Moderate,No,No,Yes,No,No,No,0,829
22264680,https://www.airbnb.com/rooms/22264680,162690625,Entire home,39.77353,-105.00465,5,3.5,16,4.75,130,211.0,50.0,25410.0,260.0,30,0.0,30.0,None,Individual,No,No,Yes,No,No,No,0,830
23696085,https://www.airbnb.com/rooms/23696085,101617046,Entire home,39.7456283569,-105.0271530151,5,3.5,14,4.88,160,411.0,62.0,131189.0,287.0,2,56.5,3.0,High,Small,No,No,Yes,Yes,No,No,0,831
39082969,https://www.airbnb.com/rooms/39082969,3920621,Entire house,39.7677,-105.00205,5,4.5,10,5.0,11,1000.0,0.0,0.0,365.0,3,0.0,0.0,None,Small,No,Yes,Yes,No,No,No,0,832
49175200,https://www.airbnb.com/rooms/49175200,2995486,Entire home,39.77072,-105.039,5,4.0,12,5.0,2,400.0,69.0,76928.0,288.0,29,5.0,2.0,None,Small,No,No,Yes,Yes,No,No,0,833
51969004,https://www.airbnb.com/rooms/51969004,30855368,Entire home,39.762794,-105.008026,5,4.0,10,5.0,40,1595.0,30.0,137365.0,361.0,3,39.0,3.0,Low,Moderate,No,No,Yes,No,No,No,0,834
53612873,https://www.airbnb.com/rooms/53612873,16105863,Entire home,39.76624,-105.0476,5,3.5,14,4.97,64,577.0,38.0,95093.0,363.0,29,95.0,3.0,High,Individual,No,No,Yes,No,No,Yes,0,835
654283075123390831,https://www.airbnb.com/rooms/654283075123390831,465389698,Entire home,39.77066,-105.04622,5,3.5,8,4.95,44,681.0,60.0,55349.0,241.0,2,40.5,3.0,Low,Moderate,No,No,Yes,No,No,No,0,836
670229409470066737,https://www.airbnb.com/rooms/670229409470066737,112616496,Entire home,39.77,-105.01707,5,2.0,10,4.67,3,266.5,87.0,39637.0,268.0,29,6.0,31.0,High,Individual,No,No,Yes,Yes,No,No,0,837
716530210998590258,https://www.airbnb.com/rooms/716530210998590258,454373667,Entire home,39.78044,-105.02276,5,2.0,12,-NA,0,505.0,0.0,0.0,73.0,29,0.0,0.0,None,Individual,No,No,Yes,No,No,No,1,838
791973850006533364,https://www.airbnb.com/rooms/791973850006533364,2619306,Entire home,39.7556084,-105.0302385,5,4.0,10,4.89,47,633.0,41.0,55956.0,207.0,30,28.0,3.0,Moderate,Large,No,No,Yes,No,No,No,1,839
800807502937442916,https://www.airbnb.com/rooms/800807502937442916,7498929,Entire home,39.7643229913,-105.00790092,5,3.5,9,5.0,27,495.0,59.0,77890.0,217.0,2,30.5,4.0,Low,Small,No,No,Yes,No,No,No,1,840
888498076712573098,https://www.airbnb.com/rooms/888498076712573098,43977375,Entire home,39.76986,-105.04424,5,3.5,10,5.0,2,847.0,100.0,8091.0,10.0,2,57.5,2.5,High,Small,No,No,Yes,No,No,No,1,841
952228016014216676,https://www.airbnb.com/rooms/952228016014216676,947828,Entire home,39.76409,-105.03753,5,4.5,9,-NA,0,300.0,74.0,21800.0,86.0,30,5.0,2.0,None,Small,No,No,Yes,Yes,No,No,1,842
5968656,https://www.airbnb.com/rooms/5968656,30983019,Entire home,39.76336,-105.02808,6,3.5,15,4.92,233,725.0,71.0,146697.0,349.0,3,111.0,3.0,Moderate,Individual,No,No,Yes,Yes,No,No,0,843
587513437595086155,https://www.airbnb.com/rooms/587513437595086155,91134795,Entire home,39.76411,-105.01953,6,6.0,14,5.0,54,1095.0,56.0,202832.0,360.0,3,44.0,3.0,Moderate,Small,No,No,Yes,No,No,No,0,844
664294387249001836,https://www.airbnb.com/rooms/664294387249001836,467766022,Entire home,39.77259,-105.00981,6,4.0,16,4.5,1,944.0,8.0,35961.0,365.0,3,43.5,3.0,Low,Individual,No,Yes,Yes,No,No,No,0,845
