 ListingID,Link,Host ID,Listing Type,lat,lng,Bedrooms,Bathrooms,Base Guests,Star Rating,Reviews,Price,Occupancy,Revenue,Active Nights,Min Stay,Booking Window,LOS,Dynamic Pricing,Professionally Managed,Beachfront,Hottub,Kitchen,Pets Allowed,Pool,EV Charger,new_listing,id,Listing Title
27084940,https://www.airbnb.com/rooms/27084940,7498929,Entire home,39.76457,-105.00411,3,3.5,8,4.96,49,1064.5,0.7,265937.0,362.0,3,28.5,4.5,High,Small,No,No,Yes,No,No,No,0,675,"[Premier Home w/ Theater, Views, Fire pit, Hot Tub](https://www.airbnb.com/rooms/27084940)"
587513437595086155,https://www.airbnb.com/rooms/587513437595086155,91134795,Entire home,39.76411,-105.01953,6,6.0,14,5.0,54,1095.0,0.56,202832.0,360.0,3,44.0,3.0,Moderate,Small,No,No,Yes,No,No,No,0,844,"[Luxury Historic Home-near LoHi-Walkable, Stocked](https://www.airbnb.com/rooms/587513437595086155)"
18753893,https://www.airbnb.com/rooms/18753893,22887767,Entire home,39.76429,-105.00783,4,4.0,8,4.98,243,768.0,0.98,185545.0,256.0,2,53.0,3.0,,Individual,No,Yes,Yes,No,No,No,0,775,[De La Sol—Eco-Friendly Home in Lower Highland](https://www.airbnb.com/rooms/18753893)
623298670657398656,https://www.airbnb.com/rooms/623298670657398656,43001445,Entire townhouse,39.76014,-105.01303,3,3.0,7,5.0,23,759.0,0.8,174519.0,285.0,1,31.0,2.0,Low,Small,No,No,Yes,Yes,No,No,1,725,"[Post-Worthy City/Mt Rooftop Views,Modern LoHi 3b3b](https://www.airbnb.com/rooms/623298670657398656)"
13973540,https://www.airbnb.com/rooms/13973540,7556262,Entire home,39.755726,-105.026726,4,3.5,8,4.97,123,387.0,0.85,171668.0,355.0,29,23.0,3.0,High,Large,No,No,Yes,Yes,No,No,0,772,[★ Movie Theater ★ Fire Pit ★ Outdoor Space! ★](https://www.airbnb.com/rooms/13973540)
13280979,https://www.airbnb.com/rooms/13280979,25772700,Entire home,39.76446,-105.03415,2,2.0,4,5.0,45,400.0,0.95,166060.0,360.0,3,49.0,5.0,Moderate,Individual,No,No,Yes,Yes,No,No,0,375,[Art-Inspired and Spacious in Highlands Square](https://www.airbnb.com/rooms/13280979)
21998986,https://www.airbnb.com/rooms/21998986,16722769,Entire townhouse,39.76099,-105.00913,3,3.5,7,5.0,62,549.0,0.84,159113.0,351.0,4,81.0,6.0,,Individual,No,No,Yes,No,No,No,0,667,[Modern 4 Story Home in LoHi with Penthouse Views](https://www.airbnb.com/rooms/21998986)
26300543,https://www.airbnb.com/rooms/26300543,91134795,Entire home,39.76353,-105.01764,4,4.0,10,4.97,35,695.0,0.55,147693.0,357.0,1,39.0,3.0,Moderate,Small,No,No,Yes,No,No,No,0,780,[Historic Modern 4 Bath & 4 Bed-9 min walk Lohi](https://www.airbnb.com/rooms/26300543)
5968656,https://www.airbnb.com/rooms/5968656,30983019,Entire home,39.76336,-105.02808,6,3.5,15,4.92,233,725.0,0.71,146697.0,349.0,3,111.0,3.0,Moderate,Individual,No,No,Yes,Yes,No,No,0,843,[Highlands Mini Mansion: A+ Location - Huge House](https://www.airbnb.com/rooms/5968656)
42138861,https://www.airbnb.com/rooms/42138861,30855368,Entire home,39.7618484497,-105.0082321167,4,4.0,10,5.0,45,1595.0,0.45,141784.0,251.0,2,34.0,3.0,Low,Moderate,No,Yes,Yes,No,No,Yes,0,784,"[4 Story Dream House in Denver's LoHi with 3,300 SF](https://www.airbnb.com/rooms/42138861)"
674659387855434264,https://www.airbnb.com/rooms/674659387855434264,33441551,Entire home,39.76355,-105.0052,2,3.0,4,5.0,24,695.0,0.79,138365.0,257.0,2,47.0,3.0,,Individual,No,Yes,Yes,No,No,No,0,573,[Beautiful lohi home w/ rooftop hot tub and firepit](https://www.airbnb.com/rooms/674659387855434264)
51969004,https://www.airbnb.com/rooms/51969004,30855368,Entire home,39.762794,-105.008026,5,4.0,10,5.0,40,1595.0,0.3,137365.0,361.0,3,39.0,3.0,Low,Moderate,No,No,Yes,No,No,No,0,834,"[LoHi 5 bedroom 3,000sf House with Unbeatable Views](https://www.airbnb.com/rooms/51969004)"
588309836929261737,https://www.airbnb.com/rooms/588309836929261737,52771813,Entire home,39.76254,-105.00669,3,3.5,7,4.94,48,575.0,0.7,136954.0,345.0,2,28.0,3.0,High,Individual,No,Yes,Yes,No,No,No,0,722,"[4 Level LoHi Home w/ Parking, Rooftop & Hot Tub](https://www.airbnb.com/rooms/588309836929261737)"
49809657,https://www.airbnb.com/rooms/49809657,11999984,Entire home,39.7599372864,-105.0378417969,4,3.5,8,5.0,29,527.0,1.0,131931.0,355.0,3,75.0,3.0,High,Small,No,No,Yes,No,No,No,0,793,[Newly renovated highlands home close to downtown](https://www.airbnb.com/rooms/49809657)
23696085,https://www.airbnb.com/rooms/23696085,101617046,Entire home,39.7456283569,-105.0271530151,5,3.5,14,4.88,160,411.0,0.62,131189.0,287.0,2,56.5,3.0,High,Small,No,No,Yes,Yes,No,No,0,831,[Broncos Stadium Home Sleeps 14 guests!](https://www.airbnb.com/rooms/23696085)
6471872,https://www.airbnb.com/rooms/6471872,7477197,Entire home,39.75888,-105.03531,4,2.0,7,4.94,54,475.0,0.99,129372.0,327.0,3,123.0,5.5,,Small,No,Yes,Yes,Yes,No,No,0,771,[3 Blocks to Highlands Square!](https://www.airbnb.com/rooms/6471872)
52558612,https://www.airbnb.com/rooms/52558612,21128768,Entire home,39.76742,-105.00676,4,2.0,12,5.0,33,700.0,0.64,128103.0,313.0,3,23.0,3.0,High,Individual,No,No,Yes,Yes,No,No,0,797,"[Spacious LOHI Home, Large Yard, Garage, Game Room](https://www.airbnb.com/rooms/52558612)"
590041355794154303,https://www.airbnb.com/rooms/590041355794154303,13110443,Entire home,39.7665176392,-105.0372695923,3,2.0,6,4.98,55,540.0,0.72,127601.0,355.0,1,27.0,3.0,High,Individual,No,No,Yes,No,No,No,0,723,[5★ local! 2blk to restaurants*Chef Kitchen*Patio*](https://www.airbnb.com/rooms/590041355794154303)
24087247,https://www.airbnb.com/rooms/24087247,8201883,Entire home,39.76103,-105.01502,4,3.5,14,5.0,181,799.0,0.39,121839.0,364.0,2,71.0,2.0,,Individual,No,No,Yes,Yes,No,No,0,779,[Perfect space for groups in the heart of LoHi!](https://www.airbnb.com/rooms/24087247)
632588874164229344,https://www.airbnb.com/rooms/632588874164229344,9691307,Entire townhouse,39.76839,-105.0122,4,3.5,8,4.91,47,750.0,0.79,120180.0,254.0,1,16.0,2.0,High,Moderate,No,Yes,Yes,Yes,No,No,0,803,[HOT TUB PETS 420 - LoHi Designer Oasis](https://www.airbnb.com/rooms/632588874164229344)
26736932,https://www.airbnb.com/rooms/26736932,66242686,Entire townhouse,39.75546,-105.01978,3,2.5,6,4.96,90,532.0,0.6,119387.0,357.0,3,55.0,5.0,,Small,No,Yes,Yes,No,No,No,0,674,[Modern Highlands Townhome with Amazing City Views!](https://www.airbnb.com/rooms/26736932)
628491611616866967,https://www.airbnb.com/rooms/628491611616866967,459477784,Entire townhouse,39.7663,-105.00755,3,3.5,6,4.93,46,531.0,0.94,114468.0,329.0,1,47.0,4.0,High,Individual,No,No,Yes,No,No,No,0,726,[Stunning & spacious 3-bed home - heart of Denver](https://www.airbnb.com/rooms/628491611616866967)
52521241,https://www.airbnb.com/rooms/52521241,30855368,Entire home,39.7627944946,-105.008026123,2,2.5,6,4.97,33,895.0,0.72,111130.0,358.0,3,17.0,4.0,Low,Moderate,No,No,Yes,No,No,No,0,515,[Amazing Denver Location in the Heart of LoHi](https://www.airbnb.com/rooms/52521241)
744684629395125850,https://www.airbnb.com/rooms/744684629395125850,484866290,Entire townhouse,39.76568,-105.01239,4,3.5,12,4.94,31,616.0,0.61,108754.0,300.0,2,81.0,3.0,High,Individual,No,No,Yes,No,No,No,0,806,[4BR Upscale Townhome / Roof Top w/ Skyline Views](https://www.airbnb.com/rooms/744684629395125850)
53612722,https://www.airbnb.com/rooms/53612722,433856602,Entire home,39.77089,-105.00719,3,2.5,6,4.98,81,375.0,0.75,108384.0,362.0,2,73.5,3.0,,Individual,No,No,Yes,Yes,No,No,0,712,"[Modern, Industrial 3BR Home Minutes from Downtown!](https://www.airbnb.com/rooms/53612722)"
48940395,https://www.airbnb.com/rooms/48940395,394736170,Entire townhouse,39.76316,-105.01614,4,3.5,10,4.96,118,224.0,0.63,104827.0,339.0,30,55.0,3.0,High,Small,No,No,Yes,No,No,No,0,790,[Trendy Upscale Highlands Home/4 bedrooms/Sleeps 10](https://www.airbnb.com/rooms/48940395)
18018738,https://www.airbnb.com/rooms/18018738,20578951,Entire home,39.75712,-105.02419,5,2.0,16,4.95,346,275.0,0.6,104803.0,362.0,2,61.0,3.0,,Individual,No,No,Yes,No,No,No,0,828,[Large Historic House Close to Mile High & Downtown](https://www.airbnb.com/rooms/18018738)
712417414848715940,https://www.airbnb.com/rooms/712417414848715940,121718072,Entire townhouse,39.7458,-105.02644,3,3.5,10,4.82,22,488.0,0.89,104039.0,329.0,2,5.0,2.0,High,Large,No,No,Yes,No,No,No,0,734,[Upscale Denver Townhome w/ City Skyline Views](https://www.airbnb.com/rooms/712417414848715940)
26129760,https://www.airbnb.com/rooms/26129760,94846610,Entire townhouse,39.76194,-105.00723,2,2.5,6,4.91,82,432.0,0.67,103918.0,360.0,2,19.0,3.0,High,Small,No,Yes,Yes,No,No,No,0,406,[Lower Highlands 3 Level w/ Rooftop Views & Hot Tub](https://www.airbnb.com/rooms/26129760)
49198556,https://www.airbnb.com/rooms/49198556,50200670,Entire townhouse,39.7635,-105.01397,4,3.5,9,5.0,63,800.0,0.54,103551.0,311.0,2,59.5,3.0,,Individual,No,No,Yes,No,No,No,0,791,[Stunning 4 Bed Full House in the Heart of LoHi!](https://www.airbnb.com/rooms/49198556)
50705203,https://www.airbnb.com/rooms/50705203,7748860,Entire townhouse,39.77638,-105.04398,2,2.5,5,4.97,29,375.0,0.79,103175.0,332.0,2,24.0,3.0,,Small,No,No,Yes,Yes,No,No,0,503,"[2 BR Modern, Tennyson, Walkable, Rooftop, & Views](https://www.airbnb.com/rooms/50705203)"
43614633,https://www.airbnb.com/rooms/43614633,1055107,Entire home,39.77204,-105.00945,3,3.5,8,4.93,61,499.0,0.59,101727.0,359.0,2,15.0,3.0,Low,Small,No,No,Yes,Yes,No,No,0,688,[New modern home with beautiful view](https://www.airbnb.com/rooms/43614633)
31812671,https://www.airbnb.com/rooms/31812671,97130295,Entire townhouse,39.76097,-105.00911,2,2.5,4,4.98,52,379.0,0.69,98373.0,360.0,3,40.0,3.0,High,Small,No,No,Yes,No,No,No,0,421,[Rooftop Retreat-Modern Townhome in LoHi](https://www.airbnb.com/rooms/31812671)
650085529095764505,https://www.airbnb.com/rooms/650085529095764505,20977649,Entire home,39.76951,-105.05078,3,1.0,8,4.83,12,498.0,0.72,95805.0,295.0,2,41.0,5.0,,Individual,No,Yes,Yes,Yes,No,No,0,729,[3 Bed Upgraded Oasis with Hot Tub + Large Yard](https://www.airbnb.com/rooms/650085529095764505)
53842913,https://www.airbnb.com/rooms/53842913,35908027,Entire townhouse,39.75409,-105.02474,2,2.5,7,4.8,30,379.0,0.84,95772.0,353.0,1,19.0,3.0,Moderate,Small,No,No,Yes,No,No,No,0,537,"[Denver, CO-The Mile High Collection-The Skyline](https://www.airbnb.com/rooms/53842913)"
53612873,https://www.airbnb.com/rooms/53612873,16105863,Entire home,39.76624,-105.0476,5,3.5,14,4.97,64,577.0,0.38,95093.0,363.0,29,95.0,3.0,High,Individual,No,No,Yes,No,No,Yes,0,835,[Renovated | Luxurious Modern Farmhouse](https://www.airbnb.com/rooms/53612873)
49503889,https://www.airbnb.com/rooms/49503889,51340340,Entire townhouse,39.76214,-105.00696,2,2.5,6,4.97,64,299.0,0.91,93678.0,360.0,2,39.0,3.0,Moderate,Individual,No,No,Yes,No,No,No,0,492,[Brand New LoHi Townhouse With Private Rooftop Deck](https://www.airbnb.com/rooms/49503889)
13454155,https://www.airbnb.com/rooms/13454155,142202943,Entire townhouse,39.76032,-105.01571,2,2.5,6,4.93,158,492.0,0.72,91551.0,287.0,1,33.0,3.0,High,Large,No,No,Yes,No,No,No,0,378,[Central LoHi Oasis w/ Private Rooftop & Hot Tub](https://www.airbnb.com/rooms/13454155)
46798345,https://www.airbnb.com/rooms/46798345,88566861,Entire rental unit,39.75665,-105.00462,2,2.0,5,4.58,55,316.0,0.82,89341.0,346.0,1,31.0,3.0,High,Large,No,No,Yes,Yes,Yes,Yes,0,463,[Kasa | Accessible 2BD + Amenity Access | Denver](https://www.airbnb.com/rooms/46798345)
45897230,https://www.airbnb.com/rooms/45897230,121718072,Entire home,39.76347,-105.00938,2,2.5,5,4.74,53,626.0,0.74,89180.0,332.0,3,18.0,3.0,High,Large,No,No,Yes,Yes,No,No,0,459,[Modern Living in the Mile High City w/ Pano Views!](https://www.airbnb.com/rooms/45897230)
21946032,https://www.airbnb.com/rooms/21946032,13466466,Entire home,39.76206,-105.02192,3,1.5,6,4.98,129,299.0,0.88,88147.0,313.0,1,87.5,2.0,,Individual,No,No,Yes,No,No,No,0,666,[Charming 1904 Victorian in the Heart of The Highlands](https://www.airbnb.com/rooms/21946032)
42807831,https://www.airbnb.com/rooms/42807831,249689561,Entire townhouse,39.74681,-105.02701,3,3.5,8,4.89,141,374.0,0.59,86510.0,362.0,2,38.0,3.0,High,Small,No,No,Yes,No,No,No,0,684,[Broncos Gem | Modern Home with Rooftop Views](https://www.airbnb.com/rooms/42807831)
12105336,https://www.airbnb.com/rooms/12105336,7171834,Entire townhouse,39.76196,-105.01507,2,2.5,4,4.94,49,400.0,0.95,86126.0,242.0,2,49.5,4.0,,Individual,No,No,Yes,No,No,No,0,372,"[Modern and Bright LoHi Townhome, Amazing Location!](https://www.airbnb.com/rooms/12105336)"
681046630516081075,https://www.airbnb.com/rooms/681046630516081075,121718072,Entire townhouse,39.75392,-105.02266,2,2.5,4,5.0,10,428.0,0.96,86093.0,299.0,29,41.0,3.0,High,Large,No,No,Yes,No,No,No,0,576,[Modern Denver Townhome w/ Rooftop Terrace!](https://www.airbnb.com/rooms/681046630516081075)
733179720669337299,https://www.airbnb.com/rooms/733179720669337299,25746347,Entire townhouse,39.74829,-105.02738,2,2.5,6,5.0,16,349.0,0.89,82708.0,316.0,2,62.5,4.0,Low,Individual,No,No,Yes,Yes,No,No,0,596,[Modern Denver house w/ yard-3 patios-pet friendly](https://www.airbnb.com/rooms/733179720669337299)
729186134180152192,https://www.airbnb.com/rooms/729186134180152192,40988201,Entire home,39.760315517,-105.0366475358,3,1.5,5,5.0,26,400.0,0.96,81547.0,244.0,2,37.0,4.0,Low,Individual,No,Yes,Yes,No,No,No,0,739,"[Cottage on Meade in Highlands Square Denver, CO](https://www.airbnb.com/rooms/729186134180152192)"
54051364,https://www.airbnb.com/rooms/54051364,26242355,Entire home,39.76725,-105.00944,3,2.0,7,4.93,14,399.0,0.66,80003.0,345.0,1,7.0,3.0,,Small,No,No,Yes,No,No,No,0,716,[Artsy MidMod 3BR2BA Walking Distance to Everything](https://www.airbnb.com/rooms/54051364)
22880838,https://www.airbnb.com/rooms/22880838,117347367,Entire townhouse,39.76564,-105.00507,3,3.5,6,4.99,239,275.0,0.62,79744.0,342.0,29,15.0,3.0,,Small,No,No,Yes,No,No,No,0,669,[Townhouse in LoHi w Private Rooftop Deck](https://www.airbnb.com/rooms/22880838)
800807502937442916,https://www.airbnb.com/rooms/800807502937442916,7498929,Entire home,39.7643229913,-105.00790092,5,3.5,9,5.0,27,495.0,0.59,77890.0,217.0,2,30.5,4.0,Low,Small,No,No,Yes,No,No,No,1,840,[Luxury LoHi Living!](https://www.airbnb.com/rooms/800807502937442916)
49367087,https://www.airbnb.com/rooms/49367087,23765065,Entire townhouse,39.7520942688,-105.0223846436,2,3.0,4,4.71,14,550.0,0.62,77620.0,360.0,3,8.5,5.0,,Individual,No,No,Yes,No,No,No,0,490,[Luxury Highland Townhouse with City Views](https://www.airbnb.com/rooms/49367087)
48124356,https://www.airbnb.com/rooms/48124356,23789665,Entire home,39.7681617737,-105.0071563721,4,2.0,8,4.89,121,440.0,0.58,77557.0,347.0,3,34.0,3.0,High,Individual,No,Yes,Yes,Yes,No,No,0,789,[LoHi Bungalow - With Hot Tub!](https://www.airbnb.com/rooms/48124356)
848045509671575084,https://www.airbnb.com/rooms/848045509671575084,249689561,Entire townhouse,39.76375,-105.01301,4,4.0,12,4.96,23,658.0,0.48,75672.0,225.0,2,97.0,3.0,High,Small,No,No,Yes,No,No,No,1,817,[Heart of Denver | 4 Levels of Luxury](https://www.airbnb.com/rooms/848045509671575084)
53129581,https://www.airbnb.com/rooms/53129581,5877042,Entire home,39.77244,-105.00728,3,2.0,7,4.92,60,269.0,0.73,75272.0,361.0,2,91.0,3.0,Moderate,Individual,No,No,Yes,Yes,No,No,0,709,"[Stylish, spacious, updated 1904 Victorian](https://www.airbnb.com/rooms/53129581)"
43316442,https://www.airbnb.com/rooms/43316442,299373263,Entire townhouse,39.74803,-105.02243,3,4.0,8,4.96,23,406.0,0.54,74266.0,308.0,2,64.0,3.0,Moderate,Individual,No,No,Yes,No,No,No,0,686,[Spacious Townhouse with Rooftop Deck!](https://www.airbnb.com/rooms/43316442)
565234057498984267,https://www.airbnb.com/rooms/565234057498984267,33243216,Entire home,39.76953,-105.02033,3,2.0,6,4.97,30,337.0,0.6,73859.0,304.0,2,32.5,3.0,Low,Individual,No,No,Yes,No,No,No,0,719,[The Grand Chic: Wellness Bungalow](https://www.airbnb.com/rooms/565234057498984267)
48344344,https://www.airbnb.com/rooms/48344344,390107054,Entire condo,39.77356,-105.04353,2,2.0,6,4.88,41,354.0,0.66,73138.0,351.0,1,26.0,3.0,High,Moderate,No,No,Yes,Yes,No,No,0,472,[Modern Flat w/ Mtn Views & Private Balcony!](https://www.airbnb.com/rooms/48344344)
667808591781201591,https://www.airbnb.com/rooms/667808591781201591,468629015,Entire home,39.76628,-105.02645,4,3.0,8,4.83,42,324.5,0.6,73083.0,347.0,2,45.0,3.0,High,Individual,No,No,Yes,No,No,No,0,804,[Hip Highlands Home / 4BD / Backyard / Walk to All!](https://www.airbnb.com/rooms/667808591781201591)
657214330825049859,https://www.airbnb.com/rooms/657214330825049859,465260753,Entire home,39.75313,-105.02122,2,2.5,9,4.84,77,242.0,0.75,72905.0,346.0,1,75.5,2.0,High,Small,No,No,Yes,No,No,No,0,563,"[★★★★★ 5 Star, 4 Story, Whole House](https://www.airbnb.com/rooms/657214330825049859)"
48483252,https://www.airbnb.com/rooms/48483252,390107054,Entire condo,39.77356,-105.043526,2,2.0,6,4.95,87,354.0,0.69,72888.0,349.0,1,22.5,3.0,High,Moderate,No,No,Yes,Yes,No,No,0,478,[Sleek & Modern Flat w/Views & Private Balcony!](https://www.airbnb.com/rooms/48483252)
50600260,https://www.airbnb.com/rooms/50600260,263502162,Entire home,39.76545,-105.010315,3,3.5,4,5.0,10,476.0,0.63,72431.0,267.0,4,11.5,4.5,,Large,No,No,Yes,No,No,No,0,704,[A dreamy stay in the Lower Highlands (LoHi)](https://www.airbnb.com/rooms/50600260)
577394220408103117,https://www.airbnb.com/rooms/577394220408103117,398486232,Entire guest suite,39.76624,-105.00532,2,2.0,5,5.0,19,398.0,0.81,72350.0,362.0,2,56.0,3.0,Low,Small,No,No,Yes,No,No,No,0,545,[LoHi Press-The newest 2 bdrm guest suite in Denver](https://www.airbnb.com/rooms/577394220408103117)
43843691,https://www.airbnb.com/rooms/43843691,121718072,Entire townhouse,39.74659,-105.02639,3,3.5,8,5.0,56,538.0,0.72,71940.0,288.0,3,26.5,3.0,High,Large,No,No,Yes,No,No,No,0,690,[Trendy Denver Townhome - Walk to Mile High Stadium](https://www.airbnb.com/rooms/43843691)
54132444,https://www.airbnb.com/rooms/54132444,121718072,Entire townhouse,39.74601,-105.02654,3,3.5,6,4.66,44,574.0,0.73,71776.0,299.0,2,20.0,3.0,High,Large,No,No,Yes,No,No,No,0,717,[Upscale Retreat w/ Rooftop: Walk to Mile High](https://www.airbnb.com/rooms/54132444)
47902062,https://www.airbnb.com/rooms/47902062,121718072,Entire townhouse,39.75218,-105.02449,2,2.5,6,4.65,40,541.0,0.74,71580.0,341.0,2,23.5,4.0,High,Large,No,No,Yes,No,No,No,0,467,[Denver Townhome w/ Rooftop Deck: Walk to Mile High](https://www.airbnb.com/rooms/47902062)
48483208,https://www.airbnb.com/rooms/48483208,390107054,Entire condo,39.77356,-105.04353,2,2.0,6,4.92,49,353.0,0.71,69300.0,345.0,1,12.5,3.0,High,Moderate,No,No,Yes,Yes,No,No,0,477,[Luxurious Flat W/ Private Balcony & Mtn Views!](https://www.airbnb.com/rooms/48483208)
28563177,https://www.airbnb.com/rooms/28563177,13095510,Entire home,39.76127,-105.0346,3,1.5,6,5.0,31,365.0,0.96,69262.0,207.0,2,47.0,4.0,,Individual,No,No,Yes,Yes,No,No,0,677,[Modern Victorian in Highlands](https://www.airbnb.com/rooms/28563177)
39020559,https://www.airbnb.com/rooms/39020559,91387449,Entire townhouse,39.77143,-105.0239,2,2.5,5,4.93,83,199.0,0.87,68185.0,363.0,1,28.0,3.0,High,Individual,No,No,Yes,No,No,Yes,0,439,[Luxurious Stay Near Downtown | Pride of Sunnyside](https://www.airbnb.com/rooms/39020559)
23269276,https://www.airbnb.com/rooms/23269276,26748184,Entire home,39.7625190398,-105.0337280903,2,1.0,5,4.96,56,309.0,0.96,66593.0,270.0,3,48.0,3.0,High,Small,No,No,Yes,Yes,No,No,0,399,[Highlands Square | 1885 Urban Victorian Charmer](https://www.airbnb.com/rooms/23269276)
50286858,https://www.airbnb.com/rooms/50286858,5679945,Entire home,39.768501,-105.043167,2,2.0,5,4.95,42,474.0,0.89,66101.0,258.0,2,13.0,7.0,High,Small,No,No,Yes,No,No,No,0,497,[Stylish Denver Home w/ Yard - Walk Everywhere!](https://www.airbnb.com/rooms/50286858)
826381356645646396,https://www.airbnb.com/rooms/826381356645646396,38179510,Entire home,39.7531817121,-105.0205622719,3,3.5,9,4.96,26,345.0,0.5,65545.0,252.0,2,45.5,3.0,High,Individual,No,Yes,Yes,No,No,Yes,1,751,[Luxury Home Downtown | Rooftop Deck | Hot Tub](https://www.airbnb.com/rooms/826381356645646396)
726709800747937246,https://www.airbnb.com/rooms/726709800747937246,121718072,Entire townhouse,39.75293,-105.02231,2,2.5,6,4.8,10,330.0,0.81,64375.0,300.0,29,26.0,5.0,,Large,No,No,Yes,Yes,No,No,0,595,[Charming Denver Townhome < 3 Mi to Downtown!](https://www.airbnb.com/rooms/726709800747937246)
20331352,https://www.airbnb.com/rooms/20331352,36400258,Entire townhouse,39.75016,-105.02262,2,3.0,9,4.86,43,375.0,0.89,64333.0,283.0,2,39.5,27.0,,Individual,No,No,Yes,Yes,No,No,0,395,[Jefferson park Modern Townhome - Empower Field](https://www.airbnb.com/rooms/20331352)
41152357,https://www.airbnb.com/rooms/41152357,9834932,Entire home,39.7532,-105.0216,3,2.0,8,4.9,126,310.0,0.64,62390.0,356.0,1,27.5,3.0,High,Large,No,No,Yes,Yes,No,No,0,683,[Jeff Park Elegance • Remodeled • Walk to Stadium](https://www.airbnb.com/rooms/41152357)
29438769,https://www.airbnb.com/rooms/29438769,65414250,Entire home,39.7687,-105.01254,4,3.0,10,4.85,131,425.0,0.52,62317.0,317.0,2,60.0,3.0,,Small,No,Yes,Yes,No,No,No,0,781,"[Casa Tejon, Spacious Sunnyside Retreat | Hot Tub](https://www.airbnb.com/rooms/29438769)"
627550317542438321,https://www.airbnb.com/rooms/627550317542438321,74124137,Entire home,39.763412,-105.010384,2,2.0,4,4.97,66,170.0,0.78,62063.0,285.0,29,86.0,3.0,,Individual,No,No,Yes,Yes,No,No,0,557,[Central LoHi Historic Haven | steps from downtown](https://www.airbnb.com/rooms/627550317542438321)
48484023,https://www.airbnb.com/rooms/48484023,390107054,Entire condo,39.77356,-105.04353,2,2.0,6,4.91,74,354.0,0.64,61496.0,339.0,1,17.5,3.0,High,Moderate,No,No,Yes,Yes,No,No,0,479,[Luxurious Flat w/ Private Balcony & Mtn Views!](https://www.airbnb.com/rooms/48484023)
25686732,https://www.airbnb.com/rooms/25686732,38047305,Entire townhouse,39.78166,-105.0274,2,2.5,4,5.0,19,300.0,0.57,61259.0,359.0,3,24.0,5.0,,Individual,No,No,Yes,No,No,Yes,0,404,[Rocky Mountain Lake Townhome](https://www.airbnb.com/rooms/25686732)
775387879959970706,https://www.airbnb.com/rooms/775387879959970706,2619306,Entire townhouse,39.7492994,-105.0218057,2,2.5,7,5.0,45,338.0,0.62,60727.0,310.0,1,26.0,2.0,Moderate,Large,No,No,Yes,No,No,No,0,602,[Modern LoHi Jeff Park TownHome I Balcony Views!](https://www.airbnb.com/rooms/775387879959970706)
14828379,https://www.airbnb.com/rooms/14828379,40144737,Entire townhouse,39.7595,-105.01359,2,2.5,4,4.99,135,189.0,0.86,60627.0,345.0,5,16.0,6.0,High,Small,No,No,Yes,No,No,No,0,382,[Close to Everything! 5-Star Experience in LoHi](https://www.airbnb.com/rooms/14828379)
843903310993454716,https://www.airbnb.com/rooms/843903310993454716,121718072,Entire townhouse,39.76717,-105.01054,4,3.5,8,4.8,10,468.0,0.72,60162.0,196.0,2,62.0,3.0,Moderate,Large,No,No,Yes,No,No,No,1,816,[Highlands Townhome w/ Spacious Backyard](https://www.airbnb.com/rooms/843903310993454716)
34462934,https://www.airbnb.com/rooms/34462934,2224115,Entire bungalow,39.76466,-105.02881,3,2.0,4,4.97,35,299.0,0.67,59723.0,264.0,2,46.0,3.0,,Small,No,No,Yes,No,No,No,0,680,[Vibrant Neighborhood- 2.3 miles to Downtown](https://www.airbnb.com/rooms/34462934)
593938590246060625,https://www.airbnb.com/rooms/593938590246060625,451924609,Entire townhouse,39.7524742401,-105.023764361,2,2.5,4,4.91,70,242.0,0.66,59263.0,355.0,2,43.0,3.0,High,Individual,No,No,Yes,No,No,No,0,549,[Rooftop Retreat / Walk To Park & Breweries](https://www.airbnb.com/rooms/593938590246060625)
7603546,https://www.airbnb.com/rooms/7603546,18274641,Entire home,39.76502,-105.03364,2,2.0,6,4.84,288,225.0,0.9,59045.0,270.0,29,15.0,8.0,,Small,No,No,Yes,Yes,No,No,0,361,[Luxurious Victorian in the heart of West Highlands](https://www.airbnb.com/rooms/7603546)
673182838221779075,https://www.airbnb.com/rooms/673182838221779075,46869142,Entire home,39.75116,-105.01881,2,2.5,5,4.97,39,270.0,0.61,58912.0,345.0,3,32.0,3.0,Moderate,Individual,No,No,Yes,No,No,No,0,572,[Luxury home with rooftop deck and stadium views](https://www.airbnb.com/rooms/673182838221779075)
20163628,https://www.airbnb.com/rooms/20163628,24517598,Entire home,39.76321,-105.03722,3,1.5,7,4.9,395,184.0,0.8,58137.0,344.0,1,55.5,3.0,High,Small,No,No,Yes,Yes,No,No,0,663,[Adorable Victorian - Denver Highlands](https://www.airbnb.com/rooms/20163628)
652029754344248846,https://www.airbnb.com/rooms/652029754344248846,77149120,Entire home,39.762976471,-105.0398147767,2,2.0,5,4.9,20,339.0,0.74,57844.0,252.0,3,31.0,3.0,Low,Small,No,No,Yes,No,No,No,0,562,[Fabulous West Highlands Denver house - location!](https://www.airbnb.com/rooms/652029754344248846)
761097400434841164,https://www.airbnb.com/rooms/761097400434841164,283666362,Entire home,39.76903,-105.01162,4,3.0,6,4.97,31,308.0,0.69,57614.0,294.0,3,124.5,5.0,Low,Individual,No,No,Yes,No,No,No,0,811,[Sunnyside 4 bedroom Victorian](https://www.airbnb.com/rooms/761097400434841164)
29830102,https://www.airbnb.com/rooms/29830102,1750207,Entire guesthouse,39.76195,-105.03986,2,1.0,6,4.98,261,220.0,0.74,56871.0,353.0,2,27.0,4.0,Moderate,Small,No,No,Yes,No,No,No,0,415,[Sunny Highlands Home Brimming with Style](https://www.airbnb.com/rooms/29830102)
46847951,https://www.airbnb.com/rooms/46847951,60414610,Entire guesthouse,39.75056,-105.03722,2,1.0,4,4.99,267,136.0,0.88,56833.0,356.0,1,26.0,2.0,High,Individual,No,No,Yes,No,No,Yes,0,464,[2bd Luxury Carriage House in the Heart of Denver](https://www.airbnb.com/rooms/46847951)
9633450,https://www.airbnb.com/rooms/9633450,16072418,Entire townhouse,39.75527,-105.02229,2,2.0,4,4.97,510,198.0,0.82,56598.0,350.0,1,14.5,2.0,,Individual,No,Yes,Yes,Yes,No,No,0,366,[Denver's Urban Oasis + Hot Tub](https://www.airbnb.com/rooms/9633450)
791973850006533364,https://www.airbnb.com/rooms/791973850006533364,2619306,Entire home,39.7556084,-105.0302385,5,4.0,10,4.89,47,633.0,0.41,55956.0,207.0,30,28.0,3.0,Moderate,Large,No,No,Yes,No,No,No,1,839,[Luxury Highland Home I Sleeps 10 I 5-Star Location](https://www.airbnb.com/rooms/791973850006533364)
654283075123390831,https://www.airbnb.com/rooms/654283075123390831,465389698,Entire home,39.77066,-105.04622,5,3.5,8,4.95,44,681.0,0.6,55349.0,241.0,2,40.5,3.0,Low,Moderate,No,No,Yes,No,No,No,0,836,[EXPLORE CO: Hip neighborhood in central location!](https://www.airbnb.com/rooms/654283075123390831)
825550813870652356,https://www.airbnb.com/rooms/825550813870652356,491207862,Entire home,39.7569137294,-105.0238600337,3,2.5,6,4.93,46,303.0,0.77,54714.0,231.0,1,87.0,3.0,Low,Individual,No,No,Yes,Yes,No,No,1,750,[4 Story Modern Townhome in heart of Jefferson Park](https://www.airbnb.com/rooms/825550813870652356)
47274278,https://www.airbnb.com/rooms/47274278,10799284,Entire home,39.76456,-105.02032,2,2.0,6,4.95,41,189.0,0.95,53667.0,315.0,2,43.0,4.0,High,Individual,No,No,Yes,No,No,No,0,466,[Quaint Highlands Bungalow | Bright Open Floorplan](https://www.airbnb.com/rooms/47274278)
50951888,https://www.airbnb.com/rooms/50951888,4632354,Entire home,39.77271,-105.01709,2,2.0,4,4.9,39,225.0,0.78,53273.0,342.0,29,52.5,7.0,,Small,No,No,Yes,No,No,No,0,506,[Gorgeous  Modern 2bd/2ba in Heart of Sunny Side](https://www.airbnb.com/rooms/50951888)
48329565,https://www.airbnb.com/rooms/48329565,390107054,Entire condo,39.77356,-105.04353,2,1.0,4,4.88,66,284.0,0.68,53090.0,352.0,1,13.5,3.0,High,Moderate,No,No,Yes,Yes,No,No,0,471,[Denver Flat w/Amazing Walkability & Roof Top Patio](https://www.airbnb.com/rooms/48329565)
617617109612696671,https://www.airbnb.com/rooms/617617109612696671,10929509,Entire bungalow,39.763634,-105.016182,2,1.0,4,4.92,65,188.0,0.78,53047.0,352.0,2,73.0,4.0,Moderate,Individual,No,No,Yes,No,No,No,0,553,[Spacious 2-bedroom house - Center of Highlands](https://www.airbnb.com/rooms/617617109612696671)
748722977778850526,https://www.airbnb.com/rooms/748722977778850526,203242258,Entire townhouse,39.7517961612,-105.0240754503,4,4.5,8,4.52,33,353.0,0.62,53046.0,318.0,1,54.5,2.0,Moderate,Small,No,No,Yes,No,No,No,0,808,[Brand new Townhouse Near Denver Downtown](https://www.airbnb.com/rooms/748722977778850526)
48429941,https://www.airbnb.com/rooms/48429941,390107054,Entire condo,39.77356,-105.04353,2,1.0,4,4.94,63,297.0,0.7,52733.0,343.0,1,12.0,3.0,High,Moderate,No,No,Yes,Yes,No,No,0,475,[Luxurious 2/1 in Denver w/Rooftop Deck!](https://www.airbnb.com/rooms/48429941)
12953524,https://www.airbnb.com/rooms/12953524,62569079,Entire townhouse,39.75053,-105.02392,2,2.0,6,4.99,212,500.0,0.34,52548.0,344.0,3,31.0,3.0,Moderate,Individual,No,Yes,Yes,No,No,No,0,373,[Pvt RoofTop HotTub! Incredible City Views-Townhome](https://www.airbnb.com/rooms/12953524)
45577294,https://www.airbnb.com/rooms/45577294,46886824,Entire home,39.77948,-105.01671,3,2.0,6,4.98,57,250.0,0.96,51939.0,232.0,2,14.5,4.0,,Small,No,No,Yes,Yes,No,No,0,693,[Entire Sunnyside home: Family and Dog friendly!](https://www.airbnb.com/rooms/45577294)
42790978,https://www.airbnb.com/rooms/42790978,24616866,Entire guesthouse,39.77839,-105.04357,2,1.0,4,4.95,83,195.0,0.87,51370.0,312.0,2,56.0,5.0,Moderate,Individual,No,No,Yes,No,No,No,0,444,[Light Filled Tennyson Hideaway](https://www.airbnb.com/rooms/42790978)
7931953,https://www.airbnb.com/rooms/7931953,6065807,Entire home,39.7608150245,-105.0185825292,2,1.0,5,4.82,710,250.0,0.72,50512.0,344.0,1,22.5,3.0,High,Small,No,No,Yes,Yes,No,No,0,362,[Sunny Cottage in the Historic and Trendy LoHi Neighborhood](https://www.airbnb.com/rooms/7931953)
17824243,https://www.airbnb.com/rooms/17824243,26203918,Entire home,39.77389,-105.00556,3,2.0,8,4.96,51,316.0,0.54,50499.0,350.0,2,30.5,3.0,High,Individual,No,No,Yes,Yes,No,No,0,660,[3 Bed/ 2 Bath in Highlands Denver/ Sunnyside House](https://www.airbnb.com/rooms/17824243)
25730584,https://www.airbnb.com/rooms/25730584,42681856,Entire townhouse,39.76569,-105.01135,3,1.0,5,4.94,275,169.0,0.72,50451.0,358.0,1,52.0,2.0,,Individual,No,No,Yes,No,No,No,0,673,"[Cozy Victorian Townhome, Trendy Lohi Neighborhood.](https://www.airbnb.com/rooms/25730584)"
20211505,https://www.airbnb.com/rooms/20211505,21899708,Entire townhouse,39.77662,-105.01914,2,2.0,6,4.88,378,199.0,0.68,50416.0,361.0,1,84.0,3.0,Low,Small,No,No,Yes,No,No,No,0,393,[Downtown Views From Fashionable North Lohi Home](https://www.airbnb.com/rooms/20211505)
721550713403013154,https://www.airbnb.com/rooms/721550713403013154,5191065,Entire townhouse,39.75342,-105.01912,3,3.0,5,5.0,16,460.0,0.66,50300.0,188.0,3,40.0,1.0,Low,Individual,No,No,Yes,No,No,No,0,737,"[Denver Chef's Kitchen, Sports, & Downtown](https://www.airbnb.com/rooms/721550713403013154)"
50308768,https://www.airbnb.com/rooms/50308768,404710147,Entire home,39.76371,-105.0297,3,2.0,8,4.97,117,325.0,0.45,50283.0,358.0,2,37.5,3.0,Low,Individual,No,No,Yes,No,No,No,0,702,[Victorian Home in Denver’s Hip Highlands Square](https://www.airbnb.com/rooms/50308768)
39819197,https://www.airbnb.com/rooms/39819197,306342592,Entire home,39.77057,-105.0116,2,1.0,4,4.95,38,206.0,0.69,49454.0,356.0,2,33.0,3.0,Low,Individual,No,No,Yes,No,No,No,0,440,"[Walkable, Peaceful Denver Bungalow in Sunnyside](https://www.airbnb.com/rooms/39819197)"
41976075,https://www.airbnb.com/rooms/41976075,219524979,Entire rental unit,39.76271,-105.00601,2,1.0,6,4.53,92,238.0,0.5,49172.0,321.0,2,10.0,1.0,High,Large,No,No,Yes,No,No,No,0,442,[Sonder Osage | Superior Two-Bedroom Apartment](https://www.airbnb.com/rooms/41976075)
19551996,https://www.airbnb.com/rooms/19551996,106952529,Entire home,39.76967,-105.01404,3,1.5,10,4.76,67,186.0,0.64,48810.0,354.0,1,26.5,2.0,High,Individual,No,Yes,Yes,Yes,No,No,0,662,[Denver speakeasy  - amazing location w/ hot tub!](https://www.airbnb.com/rooms/19551996)
48489565,https://www.airbnb.com/rooms/48489565,390107054,Entire condo,39.77356,-105.04353,2,1.0,4,4.93,68,295.0,0.7,48655.0,332.0,1,7.0,3.0,High,Small,No,No,Yes,Yes,No,No,0,482,"[Stylish Flat! Walk to Restaurants, Shops, Cafes &](https://www.airbnb.com/rooms/48489565)"
48068900,https://www.airbnb.com/rooms/48068900,12620293,Entire home,39.77849,-105.03947,2,1.0,4,4.95,38,141.0,0.96,48420.0,365.0,4,7.0,2.0,Moderate,Individual,No,No,Yes,Yes,No,No,0,468,[Hip happy home in a hot hood!](https://www.airbnb.com/rooms/48068900)
806507077257345158,https://www.airbnb.com/rooms/806507077257345158,121718072,Entire townhouse,39.74601,-105.02654,3,3.5,8,4.75,12,400.0,0.55,48239.0,210.0,2,42.0,3.0,Moderate,Large,No,Yes,Yes,No,No,No,1,746,[Luxe Denver Townhome: Hot Tub + City Views!](https://www.airbnb.com/rooms/806507077257345158)
31857567,https://www.airbnb.com/rooms/31857567,17476121,Entire home,39.7529756599,-105.0460548006,2,2.0,6,5.0,18,378.0,0.68,47972.0,200.0,5,11.0,4.0,,Small,No,Yes,Yes,No,No,No,1,423,[Lakefront City Oasis](https://www.airbnb.com/rooms/31857567)
31834061,https://www.airbnb.com/rooms/31834061,14063519,Entire home,39.77807,-105.01824,2,1.0,3,4.92,77,165.0,0.85,47904.0,333.0,3,54.5,3.0,Low,Individual,No,No,No,No,No,No,0,422,[Artsy Haven in perfect Denver location.](https://www.airbnb.com/rooms/31834061)
531972915739109315,https://www.airbnb.com/rooms/531972915739109315,401251189,Entire condo,39.757935,-105.01548,2,2.0,6,4.76,38,226.0,0.79,47705.0,357.0,1,20.0,3.0,,Moderate,No,No,Yes,No,No,No,0,538,[Chic Gallery Loft | Amazing Deck | Zuni Lofts](https://www.airbnb.com/rooms/531972915739109315)
20518557,https://www.airbnb.com/rooms/20518557,2903727,Entire home,39.76356,-105.04741,3,2.0,7,4.91,156,177.0,0.72,47236.0,346.0,2,37.0,3.0,High,Individual,No,No,Yes,No,No,No,0,664,[Modern & Spacious West Highlands Home](https://www.airbnb.com/rooms/20518557)
29059053,https://www.airbnb.com/rooms/29059053,387840604,Entire townhouse,39.77244,-105.00499,3,3.5,6,4.97,69,570.0,0.58,47128.0,219.0,29,2.0,28.0,,Small,No,No,Yes,Yes,No,No,0,678,[Modern Sunnyside 3 Bed 3.5 Bath w/ 2-Car Garage](https://www.airbnb.com/rooms/29059053)
691884693818843529,https://www.airbnb.com/rooms/691884693818843529,52470095,Entire guesthouse,39.7612147,-105.0142159,2,1.0,4,4.98,47,198.0,0.73,46913.0,354.0,3,30.0,3.0,High,Moderate,No,No,Yes,No,No,No,0,585,[Newly Built Above Garage 2 bed in the ❤️ of LoHi](https://www.airbnb.com/rooms/691884693818843529)
49420270,https://www.airbnb.com/rooms/49420270,4602071,Entire rental unit,39.75614,-105.0327,3,2.0,6,4.86,114,240.0,0.6,46678.0,360.0,2,46.5,4.0,High,Moderate,No,No,Yes,Yes,No,No,0,699,[Sloans Lake!  Walk to eateries/bars! Free parking!](https://www.airbnb.com/rooms/49420270)
52006485,https://www.airbnb.com/rooms/52006485,401251189,Entire condo,39.757935,-105.01548,2,2.0,8,4.94,51,335.0,0.57,46323.0,316.0,1,24.0,3.0,,Moderate,No,No,Yes,No,No,No,0,510,[The Bandito Penthouse | Peloton | Zuni Lofts](https://www.airbnb.com/rooms/52006485)
13449331,https://www.airbnb.com/rooms/13449331,14949477,Entire rental unit,39.77165,-105.02229,2,1.0,6,4.98,592,169.0,0.89,46087.0,346.0,2,68.5,3.0,High,Individual,No,No,Yes,No,No,No,0,377,[Greet the Friendly Backyard Chickens 5 Minutes from Downtown](https://www.airbnb.com/rooms/13449331)
650025934733524364,https://www.airbnb.com/rooms/650025934733524364,24670804,Entire home,39.77776,-105.01272,2,2.0,4,5.0,43,209.0,0.84,46059.0,353.0,2,32.0,4.0,High,Small,No,No,Yes,Yes,No,No,0,561,"[Cute, Cozy, Peaceful Home in Vibrant North Denver](https://www.airbnb.com/rooms/650025934733524364)"
47370604,https://www.airbnb.com/rooms/47370604,8410190,Entire guest suite,39.77599,-105.04857,3,2.0,8,5.0,19,206.0,0.68,45953.0,340.0,3,63.5,3.0,,Small,No,No,Yes,No,No,No,0,695,[The New Garage Mahal - A Touch Above](https://www.airbnb.com/rooms/47370604)
52828018,https://www.airbnb.com/rooms/52828018,427702688,Entire home,39.776138,-105.040291,3,2.0,9,4.87,38,395.0,0.5,45818.0,356.0,2,60.0,3.0,Moderate,Individual,No,No,Yes,No,No,No,0,708,[Premier Berkley Neighborhood - Walk to Tennyson!](https://www.airbnb.com/rooms/52828018)
52983323,https://www.airbnb.com/rooms/52983323,121718072,Entire townhouse,39.75106,-105.03127,2,1.0,4,4.58,24,227.5,0.75,45544.0,290.0,29,54.0,4.0,,Large,No,No,Yes,No,No,No,0,530,[Mod Townhome with Private Yard Mins to Dtwn!](https://www.airbnb.com/rooms/52983323)
48430010,https://www.airbnb.com/rooms/48430010,390107054,Entire condo,39.77356,-105.04353,2,1.0,4,4.89,65,266.0,0.64,45520.0,344.0,1,9.0,3.0,High,Moderate,No,No,Yes,Yes,No,No,0,476,[Stylish Denver Apt w/Luxury Finishes & Bedding!](https://www.airbnb.com/rooms/48430010)
48487513,https://www.airbnb.com/rooms/48487513,390107054,Entire condo,39.77356,-105.04353,2,1.0,4,4.8,59,294.0,0.6,45431.0,340.0,1,12.5,3.0,High,Moderate,No,No,Yes,Yes,No,No,0,481,[Modern & Luxurious Apt in Prime Denver Location!](https://www.airbnb.com/rooms/48487513)
588171852187290539,https://www.airbnb.com/rooms/588171852187290539,293529528,Entire townhouse,39.76797,-105.0063,2,2.5,4,4.86,29,210.0,0.67,45431.0,321.0,1,30.0,3.0,Moderate,Small,No,No,Yes,Yes,No,No,0,547,[City Living - 2 Decks/Skyline Views Roof Top/2BDR](https://www.airbnb.com/rooms/588171852187290539)
48398931,https://www.airbnb.com/rooms/48398931,109144183,Entire home,39.76287,-105.02011,2,1.5,4,4.97,130,237.0,0.56,45400.0,355.0,2,44.0,3.0,Moderate,Individual,No,No,Yes,No,No,No,0,473,[Lohi Luxury Lodge. Heart of Denver.](https://www.airbnb.com/rooms/48398931)
48429847,https://www.airbnb.com/rooms/48429847,390107054,Entire condo,39.77356,-105.04353,2,1.0,4,4.92,49,290.0,0.58,45343.0,340.0,1,14.0,3.0,High,Moderate,No,No,Yes,Yes,No,No,0,474,[Upscale Flat! Roof Top Patio w/Mtn Views!](https://www.airbnb.com/rooms/48429847)
660031456779773624,https://www.airbnb.com/rooms/660031456779773624,119505783,Entire townhouse,39.76493,-105.05226,2,1.0,6,4.84,61,220.0,0.76,45262.0,353.0,2,20.5,3.0,High,Moderate,No,Yes,Yes,Yes,No,No,0,565,[Hot Tub RedRocks 2 King Beds KushKations](https://www.airbnb.com/rooms/660031456779773624)
625935090239148175,https://www.airbnb.com/rooms/625935090239148175,50373032,Entire guesthouse,39.77775,-105.03803,2,1.0,6,4.95,22,250.0,0.8,45180.0,360.0,29,4.5,4.5,,Individual,No,No,Yes,Yes,No,No,0,556,[Steps to Tennyson! 2 bedroom Carriage House!](https://www.airbnb.com/rooms/625935090239148175)
50421563,https://www.airbnb.com/rooms/50421563,401251189,Entire condo,39.757935,-105.01548,3,2.5,12,4.86,59,419.0,0.63,44790.0,354.0,1,28.0,3.0,,Moderate,No,No,Yes,No,No,No,0,703,[Skyline Loft | Sweeping City Views | Zuni Lofts](https://www.airbnb.com/rooms/50421563)
48485288,https://www.airbnb.com/rooms/48485288,390107054,Entire condo,39.77356,-105.04353,2,1.0,4,4.88,59,295.0,0.6,44683.0,342.0,1,8.5,3.0,High,Moderate,No,No,Yes,Yes,No,No,0,480,[Family Friendly Sleek & Modern Flat w/Balcony!](https://www.airbnb.com/rooms/48485288)
52876246,https://www.airbnb.com/rooms/52876246,12848984,Entire home,39.75652,-105.03931,2,2.5,6,4.9,39,265.0,0.49,44579.0,362.0,2,43.0,3.0,,Individual,No,No,Yes,No,No,No,0,527,"[Open, Bright Home near Sloan's Lake](https://www.airbnb.com/rooms/52876246)"
44666414,https://www.airbnb.com/rooms/44666414,361651918,Entire guest suite,39.75751,-105.02648,2,1.0,6,5.0,41,225.0,0.92,44248.0,285.0,3,8.0,3.5,,Individual,No,No,Yes,Yes,No,No,0,454,[Bungalow on the Boulevard](https://www.airbnb.com/rooms/44666414)
718816278989804273,https://www.airbnb.com/rooms/718816278989804273,24631860,Entire home,39.78106,-105.02052,3,3.5,6,4.9,29,400.0,0.6,44006.0,216.0,2,56.0,3.0,,Individual,No,No,Yes,No,No,No,0,735,[Stunning Modern Designer Home in heart of Denver](https://www.airbnb.com/rooms/718816278989804273)
50848389,https://www.airbnb.com/rooms/50848389,26963067,Entire rental unit,39.76417,-105.01563,2,1.0,5,4.94,95,204.0,0.79,43831.0,312.0,2,31.0,2.0,High,Individual,No,No,Yes,Yes,No,No,0,504,[Garden-level apartment in Highlands](https://www.airbnb.com/rooms/50848389)
53953636,https://www.airbnb.com/rooms/53953636,69551645,Entire home,39.77158,-105.01671,3,2.0,6,5.0,38,198.0,0.74,43491.0,364.0,2,20.0,3.0,High,Moderate,No,No,Yes,Yes,No,No,0,715,[Pleasant Homey Perfect Location!](https://www.airbnb.com/rooms/53953636)
14103909,https://www.airbnb.com/rooms/14103909,23829799,Entire bungalow,39.77459,-105.01496,2,1.0,4,5.0,28,245.0,0.78,43447.0,311.0,2,57.5,4.0,High,Small,No,No,Yes,No,No,No,0,379,[Spacious Bungalow in Sunnyside.](https://www.airbnb.com/rooms/14103909)
846503247637729052,https://www.airbnb.com/rooms/846503247637729052,11904444,Entire home,39.7650811,-105.0066835,2,2.5,6,4.96,26,266.0,0.85,42519.0,196.0,1,52.0,3.0,High,Individual,No,No,Yes,Yes,No,No,1,615,[Modern Artist Hip Highlands Dream!](https://www.airbnb.com/rooms/846503247637729052)
27985624,https://www.airbnb.com/rooms/27985624,107582791,Entire home,39.77834,-105.02467,3,3.0,8,4.9,256,183.0,0.72,42497.0,355.0,2,58.0,3.0,Moderate,Small,No,No,Yes,No,No,No,0,676,[Contemporary Berkeley 3 BED/3 BATH & Outdoor Patio](https://www.airbnb.com/rooms/27985624)
50270167,https://www.airbnb.com/rooms/50270167,401251189,Entire condo,39.758202,-105.015572,3,2.5,12,4.85,79,407.0,0.61,42454.0,353.0,1,35.5,3.0,,Moderate,No,No,Yes,No,No,No,0,700,[LoHi Clubhouse | Cityscape Panorama | Zuni Lofts](https://www.airbnb.com/rooms/50270167)
553532554603765088,https://www.airbnb.com/rooms/553532554603765088,9897055,Entire guesthouse,39.76542,-105.04878,2,1.0,4,4.97,35,84.0,0.8,42274.0,365.0,4,35.5,4.0,,Small,No,No,Yes,No,No,No,0,540,[2 Bedroom apartment in the Highlands](https://www.airbnb.com/rooms/553532554603765088)
10363495,https://www.airbnb.com/rooms/10363495,53337369,Entire guesthouse,39.76484,-105.01875,2,1.0,4,4.97,349,145.0,0.89,41885.0,334.0,3,77.0,4.0,Low,Individual,No,No,Yes,No,No,No,0,368,[Modern Loft in Historic Highlands](https://www.airbnb.com/rooms/10363495)
613148679577684966,https://www.airbnb.com/rooms/613148679577684966,49417640,Entire home,39.77078,-105.05028,2,1.5,4,5.0,58,236.0,0.69,41867.0,330.0,2,25.5,3.0,High,Individual,No,No,Yes,No,No,No,0,551,[Stylish 2BR Guesthouse - Berkeley](https://www.airbnb.com/rooms/613148679577684966)
703334765450415213,https://www.airbnb.com/rooms/703334765450415213,477045552,Entire home,39.76421,-105.03215,2,1.0,3,4.64,22,170.0,0.82,41682.0,348.0,2,34.0,3.0,High,Individual,No,No,Yes,No,No,No,0,590,[West Highland Bungalow / 2BR w/ Private Backyard](https://www.airbnb.com/rooms/703334765450415213)
638408115846638532,https://www.airbnb.com/rooms/638408115846638532,78499438,Private room in home,39.7549,-105.0257,2,1.0,6,5.0,14,276.0,0.89,41200.0,245.0,1,35.0,3.0,,Small,No,Yes,Yes,No,No,No,0,560,[Cozy 2 Bed / 1 Bath in Prime Location w/ Hot Tub](https://www.airbnb.com/rooms/638408115846638532)
49043638,https://www.airbnb.com/rooms/49043638,11950485,Entire townhouse,39.76508,-105.02247,2,1.0,4,4.65,26,160.0,0.93,40522.0,320.0,3,21.0,5.0,Low,Individual,No,No,Yes,Yes,No,No,0,487,[Private Townhouse with Yard in Downtown Denver](https://www.airbnb.com/rooms/49043638)
45029249,https://www.airbnb.com/rooms/45029249,6847601,Entire home,39.75711,-105.02852,2,1.0,4,4.87,52,266.0,0.82,40510.0,316.0,30,20.5,7.0,High,Small,No,No,Yes,Yes,No,No,0,456,[Beautiful House - Secure Yard w/ BBQ](https://www.airbnb.com/rooms/45029249)
25010516,https://www.airbnb.com/rooms/25010516,6807612,Entire home,39.78043,-105.03681,3,2.0,6,4.86,56,458.5,0.51,40277.0,352.0,1,57.5,56.5,High,Small,No,No,Yes,Yes,No,No,0,671,[2 Living Areas I AC I Patio I Yard+BBQ](https://www.airbnb.com/rooms/25010516)
679054258107579411,https://www.airbnb.com/rooms/679054258107579411,60655297,Entire townhouse,39.76795,-105.01423,2,1.0,4,4.95,44,160.0,0.81,40177.0,322.0,2,29.0,3.0,Low,Individual,No,No,Yes,No,No,No,0,574,"[Cozy LoHi Townhome, Great Location](https://www.airbnb.com/rooms/679054258107579411)"
671850979273654736,https://www.airbnb.com/rooms/671850979273654736,107279139,Entire townhouse,39.76266,-105.01554,3,3.5,8,4.89,47,389.5,0.62,39938.0,326.0,2,39.0,3.0,,Large,No,No,Yes,No,No,No,0,731,[Modern Chic | Spacious Duplex | Highlands](https://www.airbnb.com/rooms/671850979273654736)
553557808200266637,https://www.airbnb.com/rooms/553557808200266637,121718072,Entire townhouse,39.77945,-105.04426,2,2.5,6,4.84,25,374.0,0.71,39500.0,276.0,2,22.5,4.0,High,Large,No,No,Yes,No,No,No,0,541,[Trendy Denver Townhouse ~ 3 Miles to Downtown!](https://www.airbnb.com/rooms/553557808200266637)
52691434,https://www.airbnb.com/rooms/52691434,426513904,Entire condo,39.74873,-105.018608,2,2.0,4,4.83,60,206.0,0.73,39297.0,355.0,29,32.0,3.0,,Small,No,No,Yes,No,No,No,0,523,[Luxurious Escape | Walk to Empower Field | Tesoro](https://www.airbnb.com/rooms/52691434)
52088587,https://www.airbnb.com/rooms/52088587,774,Entire home,39.77373,-105.04649,4,3.5,7,4.96,23,450.0,0.46,39285.0,231.0,1,60.0,4.0,,Small,No,No,Yes,No,No,No,0,796,[Berkeley Family Home - Walk to Tennyson](https://www.airbnb.com/rooms/52088587)
50417342,https://www.airbnb.com/rooms/50417342,53225583,Entire guesthouse,39.77271,-105.02318,2,1.0,4,4.99,172,159.0,0.69,39158.0,360.0,1,48.0,2.0,High,Individual,No,No,Yes,No,No,No,0,500,"[Bright and modern w/ garage parking, washer+dryer](https://www.airbnb.com/rooms/50417342)"
43346958,https://www.airbnb.com/rooms/43346958,15284278,Entire guesthouse,39.76118,-105.01884,2,1.0,4,4.94,108,109.0,0.78,39111.0,362.0,3,16.0,4.0,Low,Small,No,No,Yes,No,No,No,0,450,[Highland Cottage - Quiet Flat in a Happening Spot](https://www.airbnb.com/rooms/43346958)
50291676,https://www.airbnb.com/rooms/50291676,129740790,Entire guest suite,39.75922,-105.03471,3,1.0,4,4.92,97,238.0,0.68,39022.0,312.0,2,20.0,3.0,Moderate,Individual,No,No,No,No,No,No,0,701,[Cozy Victorian Suite in the Highlands](https://www.airbnb.com/rooms/50291676)
31879211,https://www.airbnb.com/rooms/31879211,2203190,Entire home,39.77091,-105.03224,2,2.0,4,4.91,47,125.0,0.78,38823.0,363.0,1,59.0,5.0,High,Individual,No,No,Yes,Yes,No,No,0,424,[Remodeled Highlands Home with all the Essentials](https://www.airbnb.com/rooms/31879211)
48125065,https://www.airbnb.com/rooms/48125065,160494969,Entire guesthouse,39.77482,-105.02432,2,1.0,5,5.0,89,210.0,0.63,38647.0,361.0,1,22.0,3.0,High,Small,No,No,Yes,No,No,No,0,469,[NW Denver gem! Boho 2-bdrm w/patio+fast Wi-Fi](https://www.airbnb.com/rooms/48125065)
49947653,https://www.airbnb.com/rooms/49947653,7698034,Entire guest suite,39.763897,-105.004311,2,1.0,4,4.95,77,177.5,0.64,37885.0,347.0,2,30.0,2.0,High,Individual,No,No,No,No,No,No,0,494,[LoHi Art Loft Close to LoDo and Coors Field](https://www.airbnb.com/rooms/49947653)
821082810349397447,https://www.airbnb.com/rooms/821082810349397447,34955862,Entire home,39.7518716,-105.0202877,2,2.5,6,5.0,12,253.0,0.56,37336.0,238.0,3,38.0,3.0,Moderate,Large,No,No,Yes,Yes,No,No,1,613,[Modern Townhouse-Dog Friendly-Rooftop Views](https://www.airbnb.com/rooms/821082810349397447)
45720276,https://www.airbnb.com/rooms/45720276,9691307,Entire home,39.76196,-105.04902,3,1.0,6,4.73,86,176.0,0.69,37293.0,301.0,28,5.0,2.0,High,Moderate,No,No,Yes,Yes,No,No,0,694,[PET/420 friendly - West Highlands](https://www.airbnb.com/rooms/45720276)
52691430,https://www.airbnb.com/rooms/52691430,426513904,Entire condo,39.748386,-105.020882,2,2.0,4,4.93,76,215.5,0.71,36940.0,359.0,29,23.5,3.0,,Small,No,No,Yes,No,No,No,0,521,[Gameday Oasis | Private Balcony | Jefferson Park](https://www.airbnb.com/rooms/52691430)
52691435,https://www.airbnb.com/rooms/52691435,426513904,Entire condo,39.748386,-105.020882,2,2.0,4,4.9,40,188.0,0.69,36621.0,359.0,29,42.0,3.0,,Small,No,No,Yes,No,No,No,0,524,[City Views! | Chic Jefferson Park Condo | Tesoro](https://www.airbnb.com/rooms/52691435)
43070547,https://www.airbnb.com/rooms/43070547,342837213,Entire rental unit,39.77453,-105.04531,2,1.0,4,4.87,141,152.0,0.68,36550.0,357.0,1,35.5,3.0,High,Small,No,No,Yes,No,No,No,0,446,[VRAIN | 2 Bedroom 1 Bath with Full Kitchen](https://www.airbnb.com/rooms/43070547)
11127739,https://www.airbnb.com/rooms/11127739,191018778,Entire loft,39.77146,-105.04328,2,1.5,7,4.94,552,110.0,0.73,36385.0,331.0,33,39.0,2.0,Moderate,Small,No,No,Yes,No,No,No,0,370,[Upstairs @ Eric's - HipFunPad & Super Neighborhood](https://www.airbnb.com/rooms/11127739)
637892280301877213,https://www.airbnb.com/rooms/637892280301877213,163583438,Entire home,39.765495,-105.007736,2,1.0,4,4.93,70,200.0,0.66,36320.0,328.0,2,60.5,3.0,,Individual,No,No,Yes,Yes,No,No,0,559,"[Amazing Location in hip LoHi, walkable, artsy home](https://www.airbnb.com/rooms/637892280301877213)"
43070516,https://www.airbnb.com/rooms/43070516,342837213,Entire rental unit,39.77645,-105.04459,2,1.0,4,4.79,122,154.0,0.69,35847.0,358.0,1,29.0,3.0,High,Small,No,No,Yes,No,No,No,0,445,[STUART | 2 Bedroom 1 Bath with Full Kitchen](https://www.airbnb.com/rooms/43070516)
7948813,https://www.airbnb.com/rooms/7948813,41917396,Entire home,39.7561,-105.04096,2,1.0,4,4.86,290,149.0,0.87,35592.0,350.0,1,24.0,3.0,,Individual,No,No,Yes,No,No,No,0,363,[Comfy house 2 miles from downtown](https://www.airbnb.com/rooms/7948813)
50489726,https://www.airbnb.com/rooms/50489726,67086858,Entire home,39.75962,-105.04385,2,2.0,4,4.8,35,225.0,0.51,35530.0,289.0,2,29.0,2.0,,Individual,No,No,Yes,No,No,No,0,501,[Sunny SloHi Bungalow - Walkable and Quiet!](https://www.airbnb.com/rooms/50489726)
43070564,https://www.airbnb.com/rooms/43070564,342837213,Entire rental unit,39.77567,-105.04535,2,1.0,4,4.82,136,150.0,0.71,35496.0,340.0,1,45.0,3.0,High,Small,No,No,Yes,No,No,No,0,447,[UTICA | 2 Bedroom 1 Bath with Full Kitchen](https://www.airbnb.com/rooms/43070564)
780506709949628464,https://www.airbnb.com/rooms/780506709949628464,46649051,Entire rental unit,39.7643031,-105.0114654,2,1.0,6,5.0,29,248.0,0.61,34291.0,324.0,2,68.5,3.0,Moderate,Individual,No,No,Yes,No,No,No,1,605,[Bright & Airy Renovated Victorian Apt in LoHi](https://www.airbnb.com/rooms/780506709949628464)
52691431,https://www.airbnb.com/rooms/52691431,426513904,Entire condo,39.748386,-105.020882,2,2.0,4,4.83,54,190.0,0.67,34188.0,358.0,29,39.5,3.0,,Small,No,No,Yes,No,No,No,0,522,[Contemporary Condo | Grill + Balcony | Tesoro](https://www.airbnb.com/rooms/52691431)
53032494,https://www.airbnb.com/rooms/53032494,401251189,Entire condo,39.757935,-105.01548,2,2.0,8,4.88,57,224.0,0.64,34041.0,359.0,1,37.0,3.0,,Moderate,No,No,Yes,No,No,No,0,531,[Sprawling Floor Plan | Sleeps 8 | Zuni Lofts](https://www.airbnb.com/rooms/53032494)
660166763554209630,https://www.airbnb.com/rooms/660166763554209630,344256131,Entire condo,39.7526185,-105.0229813,2,1.0,6,4.97,61,152.0,0.66,33966.0,320.0,2,77.0,2.0,Low,Individual,No,No,Yes,Yes,No,Yes,0,567,"[Modern 2-bedroom condo, w/ free parking](https://www.airbnb.com/rooms/660166763554209630)"
360,https://www.airbnb.com/rooms/360,666,Entire guesthouse,39.7664146423,-105.0020980835,2,1.0,3,4.99,179,109.0,0.86,33656.0,306.0,30,23.0,32.0,High,Small,No,Yes,Yes,No,No,No,0,349,[Sit in the Peaceful Garden of the Chickadee Cottage in LoHi](https://www.airbnb.com/rooms/360)
15957321,https://www.airbnb.com/rooms/15957321,6807612,Entire bungalow,39.772,-105.03437,2,2.0,4,4.87,98,198.0,0.83,33170.0,204.0,30,5.0,17.0,Low,Small,No,No,Yes,Yes,No,No,0,383,"[Charming Brick Home, 2B/2B](https://www.airbnb.com/rooms/15957321)"
696036197613370417,https://www.airbnb.com/rooms/696036197613370417,3764549,Entire home,39.75424,-105.02996,2,1.0,6,4.89,57,148.0,0.72,33039.0,343.0,2,45.0,3.0,Moderate,Individual,No,No,Yes,No,No,Yes,0,588,[Highlands Duplex w/Yard + Sleeps 6](https://www.airbnb.com/rooms/696036197613370417)
52467149,https://www.airbnb.com/rooms/52467149,134599830,Entire townhouse,39.7631441673,-105.0070872271,2,2.0,6,5.0,18,350.0,0.36,32993.0,229.0,2,20.0,3.0,,Individual,No,No,Yes,No,No,No,0,514,[Location!!! 2 Bedroom Townhouse w/ Rooftop Deck](https://www.airbnb.com/rooms/52467149)
52822945,https://www.airbnb.com/rooms/52822945,426513904,Entire condo,39.748695,-105.018608,2,2.0,4,4.84,44,211.0,0.71,32935.0,350.0,29,17.0,3.0,,Small,No,No,Yes,No,No,No,0,526,[Walk to Gameday | Jefferson Park Condo | Tesoro](https://www.airbnb.com/rooms/52822945)
2975710,https://www.airbnb.com/rooms/2975710,15178224,Entire home,39.75936,-105.04792,3,2.0,6,4.75,32,184.0,0.9,32927.0,271.0,30,105.0,16.0,Moderate,Individual,No,No,Yes,Yes,No,No,0,656,[Sloan's Lake Highlands Bungalow](https://www.airbnb.com/rooms/2975710)
746273969260926893,https://www.airbnb.com/rooms/746273969260926893,121718072,Entire home,39.77714,-105.01851,2,1.0,4,4.5,16,194.0,0.65,32614.0,316.0,2,18.5,3.0,Low,Large,No,No,Yes,No,No,No,0,598,[Bright Denver Bungalow w/ Backyard & Patio!](https://www.airbnb.com/rooms/746273969260926893)
48641099,https://www.airbnb.com/rooms/48641099,253066593,Entire home,39.77121,-105.02015,2,1.0,4,4.85,125,159.0,0.77,32422.0,329.0,2,23.0,4.0,High,Individual,No,No,Yes,No,No,No,0,484,[Kitchen+Laundry+Firepit☀️The Sunnyside of Denver☀️](https://www.airbnb.com/rooms/48641099)
44663602,https://www.airbnb.com/rooms/44663602,8410190,Entire rental unit,39.76788,-105.05017,2,1.0,2,4.91,11,120.0,0.82,32184.0,361.0,30,11.0,14.0,,Small,No,No,Yes,No,No,No,0,453,[2BR West Highlands Upper-Level Sweet Retreat](https://www.airbnb.com/rooms/44663602)
51891750,https://www.airbnb.com/rooms/51891750,14096478,Entire townhouse,39.77672,-105.0451,2,2.5,2,5.0,12,225.0,0.51,32087.0,365.0,11,58.5,12.0,Low,Small,No,No,Yes,No,No,No,0,509,[Executive Tennyson St. Townhome w/Roof-top Patio](https://www.airbnb.com/rooms/51891750)
19123588,https://www.airbnb.com/rooms/19123588,63715244,Entire home,39.76254,-105.00457,4,2.0,8,4.92,273,160.0,0.61,32075.0,265.0,29,80.0,29.0,,Individual,No,No,Yes,No,No,No,0,776,[Private Urban home in the heart of LoHi Denver](https://www.airbnb.com/rooms/19123588)
50399387,https://www.airbnb.com/rooms/50399387,88566861,Entire rental unit,39.7651,-105.0037,2,2.0,5,4.67,212,265.5,0.4,31811.0,323.0,1,9.0,1.0,High,Large,No,No,Yes,No,No,No,0,499,[Kasa The Comma | Live Like a Local in Denver LoHi](https://www.airbnb.com/rooms/50399387)
742735450433261938,https://www.airbnb.com/rooms/742735450433261938,34955862,Entire home,39.75432,-105.02584,2,1.0,4,4.87,30,150.0,0.54,31770.0,343.0,3,33.0,3.0,Moderate,Large,No,No,No,No,No,No,0,597,[cozy carriage house in sloans lake](https://www.airbnb.com/rooms/742735450433261938)
46294297,https://www.airbnb.com/rooms/46294297,18753643,Entire guest suite,39.76865,-105.01886,2,1.0,4,4.94,188,135.0,0.57,31647.0,357.0,2,36.0,3.0,Moderate,Small,No,No,No,No,No,No,0,461,[Cozy Garden-Level Guest Suite](https://www.airbnb.com/rooms/46294297)
19751421,https://www.airbnb.com/rooms/19751421,54348240,Entire home,39.77235,-105.0088,2,1.0,4,4.76,255,149.0,0.98,30579.0,354.0,29,37.0,33.0,,Individual,No,No,Yes,Yes,No,No,0,392,[Updated Victorian Bungalow in Sunnyside](https://www.airbnb.com/rooms/19751421)
818260714852820488,https://www.airbnb.com/rooms/818260714852820488,498749764,Entire townhouse,39.75984,-105.01383,2,1.5,4,4.92,12,261.0,0.8,30499.0,201.0,1,22.5,3.0,,Individual,No,No,Yes,No,No,No,1,612,[Center of LoHi | Roof Deck | Walk Everywhere](https://www.airbnb.com/rooms/818260714852820488)
49092392,https://www.airbnb.com/rooms/49092392,72286126,Entire townhouse,39.75593,-105.0236,2,1.5,4,4.86,44,250.0,0.55,30296.0,250.0,2,14.5,3.0,Moderate,Individual,No,No,Yes,No,No,No,0,489,[Brand New Townhouse in Jefferson Park](https://www.airbnb.com/rooms/49092392)
52691429,https://www.airbnb.com/rooms/52691429,426513904,Entire condo,39.748386,-105.020882,2,2.0,4,4.89,53,209.0,0.56,30259.0,348.0,29,30.0,3.0,,Small,No,No,Yes,No,No,No,0,520,[Brand New Condo | Walk to Empower Stadium | Tesoro](https://www.airbnb.com/rooms/52691429)
11789571,https://www.airbnb.com/rooms/11789571,48525049,Entire rental unit,39.76346,-105.03519,2,1.0,4,4.88,559,120.0,0.9,30240.0,283.0,1,27.0,3.0,Low,Small,No,No,Yes,No,No,No,0,371,[Meade Street - Great Value and Location!](https://www.airbnb.com/rooms/11789571)
24541430,https://www.airbnb.com/rooms/24541430,13673065,Entire guest suite,39.77659,-105.0312,2,1.0,4,4.98,57,124.0,0.82,30078.0,362.0,2,49.0,4.0,Moderate,Individual,No,No,No,No,No,No,0,402,[Cozy Convenient Access to Downtown and Foothills](https://www.airbnb.com/rooms/24541430)
20227444,https://www.airbnb.com/rooms/20227444,144123521,Entire guest suite,39.76246,-105.04655,2,1.0,5,4.87,175,126.5,0.9,29639.0,333.0,2,26.0,7.0,High,Small,No,No,Yes,No,No,No,0,394,[Charming North Denver Home with all the Amenities!](https://www.airbnb.com/rooms/20227444)
672364650645509148,https://www.airbnb.com/rooms/672364650645509148,11642248,Entire guest suite,39.7775,-105.01546,2,1.0,4,5.0,36,236.0,0.41,29362.0,359.0,2,17.0,3.0,High,Individual,No,No,Yes,No,No,No,0,571,[Walkable Neighborhood | Relaxed Modern Design](https://www.airbnb.com/rooms/672364650645509148)
672316208660251321,https://www.airbnb.com/rooms/672316208660251321,9467386,Entire guest suite,39.75743,-105.03315,2,1.0,4,5.0,12,199.0,0.68,29253.0,216.0,2,76.5,2.0,,Individual,No,No,Yes,No,No,No,0,570,"[""The Fairy House"" - fully private guest suite](https://www.airbnb.com/rooms/672316208660251321)"
17574946,https://www.airbnb.com/rooms/17574946,119362843,Entire guest suite,39.76969,-105.04954,2,1.0,6,4.94,223,126.0,0.56,29202.0,362.0,2,53.0,4.0,,Individual,No,No,Yes,No,No,No,0,385,[Attached guesthouse in Denver's Tennyson area](https://www.airbnb.com/rooms/17574946)
48766983,https://www.airbnb.com/rooms/48766983,107279139,Entire townhouse,39.74602,-105.03243,3,2.5,8,4.6,35,306.0,0.5,29013.0,346.0,1,16.0,3.0,,Large,No,No,Yes,No,No,No,0,698,[New Townhome with Stunning City and Mountain Views](https://www.airbnb.com/rooms/48766983)
52674413,https://www.airbnb.com/rooms/52674413,55691730,Entire guest suite,39.74874,-105.02384,2,1.0,4,4.87,97,119.0,0.72,28695.0,352.0,1,23.0,3.0,High,Small,No,No,No,No,No,No,0,519,[Cozy 2BR Apt with Patio & City Views!](https://www.airbnb.com/rooms/52674413)
50329886,https://www.airbnb.com/rooms/50329886,46401356,Entire guest suite,39.75545,-105.04355,2,1.0,4,4.89,159,132.0,0.71,28669.0,350.0,1,25.0,3.0,High,Individual,No,No,Yes,No,No,No,0,498,[Cozy 2 bedroom by Sloan's Lake](https://www.airbnb.com/rooms/50329886)
51806978,https://www.airbnb.com/rooms/51806978,28374392,Entire home,39.78107,-105.03375,3,2.0,6,4.97,29,252.0,0.62,28492.0,199.0,3,56.0,4.0,,Individual,No,No,Yes,No,No,No,0,706,N/A
34869638,https://www.airbnb.com/rooms/34869638,52639692,Entire townhouse,39.76111,-105.0129,2,2.0,4,4.89,61,145.5,0.72,28461.0,302.0,30,16.0,30.0,,Small,No,No,Yes,No,No,No,0,428,[Modern Lohi Townhouse- Walk everywhere! 30 day](https://www.airbnb.com/rooms/34869638)
44358738,https://www.airbnb.com/rooms/44358738,105391633,Entire guest suite,39.77922,-105.01358,2,1.0,5,4.9,94,165.0,0.96,28394.0,188.0,1,27.0,12.0,Low,Individual,No,No,Yes,No,No,No,0,451,[Cozy Garden Level Home in Highlands / Sunnyside!](https://www.airbnb.com/rooms/44358738)
3810191,https://www.airbnb.com/rooms/3810191,7879432,Entire bungalow,39.77321,-105.02888,2,1.0,4,4.78,46,125.0,0.9,28359.0,258.0,3,2.5,2.0,,Small,No,No,Yes,Yes,No,No,0,357,[Charming Bungalow in the Highlands](https://www.airbnb.com/rooms/3810191)
31692907,https://www.airbnb.com/rooms/31692907,130957760,Entire guest suite,39.75175,-105.01876,2,1.0,4,4.85,166,160.0,0.49,27579.0,357.0,1,24.5,3.0,,Small,No,No,Yes,No,No,No,0,419,[Quaint Space - Near Downtown & Broncos Stadium](https://www.airbnb.com/rooms/31692907)
32525063,https://www.airbnb.com/rooms/32525063,107478989,Entire home,39.77674,-105.02271,2,1.0,4,4.92,12,90.0,0.86,27195.0,342.0,30,52.0,7.0,,Small,No,No,Yes,No,No,No,0,426,[Bright and modern in Denver!](https://www.airbnb.com/rooms/32525063)
25733062,https://www.airbnb.com/rooms/25733062,193509629,Entire guesthouse,39.76353,-105.01,2,1.0,4,4.77,234,154.0,0.73,26990.0,352.0,2,23.5,3.5,,Individual,No,No,Yes,No,No,No,0,405,[Stunning Guesthouse - Walk Everywhere! Sleeps 4!](https://www.airbnb.com/rooms/25733062)
20623366,https://www.airbnb.com/rooms/20623366,9921222,Entire home,39.76191,-105.03524,4,2.0,8,4.92,97,400.0,0.86,26019.0,258.0,3,84.0,6.0,,Small,No,No,Yes,No,No,No,0,777,[Beautiful Victorian Oasis just steps from 32nd.](https://www.airbnb.com/rooms/20623366)
601306549765337233,https://www.airbnb.com/rooms/601306549765337233,3065375,Entire home,39.77462,-105.049133,2,1.0,4,4.79,29,110.0,0.7,25872.0,343.0,3,63.0,1.0,,Individual,No,No,Yes,Yes,No,No,0,550,[Charming 2-bedroom Berkeley home with patio](https://www.airbnb.com/rooms/601306549765337233)
52981523,https://www.airbnb.com/rooms/52981523,51569606,Entire home,39.76623,-105.04661,2,1.0,4,4.8,10,200.0,0.38,25500.0,341.0,2,16.0,12.0,,Individual,No,No,Yes,No,No,No,0,529,[Bright 2-bedroom home in West Highlands](https://www.airbnb.com/rooms/52981523)
22264680,https://www.airbnb.com/rooms/22264680,162690625,Entire home,39.77353,-105.00465,5,3.5,16,4.75,130,211.0,0.5,25410.0,260.0,30,0.0,30.0,,Individual,No,No,Yes,No,No,No,0,830,[Sleek Highlands Home! Sleeps 16](https://www.airbnb.com/rooms/22264680)
31086360,https://www.airbnb.com/rooms/31086360,80797680,Entire home,39.74848,-105.03089,3,3.5,6,4.94,82,217.0,0.45,25359.0,284.0,29,23.0,11.0,,Individual,No,No,Yes,No,No,No,0,679,[Beautiful large 3 bedroom 8 minutes to downtown](https://www.airbnb.com/rooms/31086360)
49071410,https://www.airbnb.com/rooms/49071410,52470095,Entire home,39.76549,-105.00955,2,1.0,2,4.99,76,140.0,0.61,25210.0,344.0,3,15.0,3.0,High,Moderate,No,No,No,No,No,No,0,488,[Highlands Retreat](https://www.airbnb.com/rooms/49071410)
51735228,https://www.airbnb.com/rooms/51735228,2619306,Entire home,39.77268,-105.0421,3,2.5,6,4.98,80,520.0,0.32,24955.0,251.0,2,17.0,4.5,Low,Large,No,No,Yes,No,No,No,0,705,"[Mid-Mod w/awesome backyard, 1blk to Shops/Eateries](https://www.airbnb.com/rooms/51735228)"
22506969,https://www.airbnb.com/rooms/22506969,5818653,Entire bungalow,39.76942,-105.01212,2,2.0,6,4.87,156,129.0,0.45,24817.0,333.0,29,13.5,13.0,,Individual,No,No,Yes,Yes,No,No,0,398,[Cozy Sunnyside Bungalow](https://www.airbnb.com/rooms/22506969)
23630179,https://www.airbnb.com/rooms/23630179,88702022,Entire townhouse,39.75415,-105.01964,2,1.0,4,4.71,182,126.0,0.64,24814.0,275.0,2,30.0,3.0,High,Small,No,No,Yes,No,No,No,0,400,[2bdrm Near MileHigh/PepsiCntr Parking A/C](https://www.airbnb.com/rooms/23630179)
22214871,https://www.airbnb.com/rooms/22214871,98229149,Entire home,39.75621,-105.03321,3,2.0,7,4.65,86,158.0,0.68,24494.0,224.0,29,116.0,7.0,,Individual,No,No,Yes,Yes,No,No,0,668,[Near Lake & Downtown / Pet Friendly / Easy MTN ACS](https://www.airbnb.com/rooms/22214871)
721709701696904082,https://www.airbnb.com/rooms/721709701696904082,480585850,Entire home,39.78077,-105.03589,2,1.0,6,4.72,25,124.0,0.52,23994.0,348.0,2,44.0,3.0,High,Small,No,No,Yes,Yes,No,No,0,593,[Secluded in the City](https://www.airbnb.com/rooms/721709701696904082)
14231430,https://www.airbnb.com/rooms/14231430,83388603,Entire home,39.7611475,-105.0115782,2,1.0,2,5.0,26,151.0,0.94,23551.0,185.0,2,38.5,4.0,,Individual,No,No,Yes,No,No,No,1,380,[Cute Garden Unit in LoHi!](https://www.airbnb.com/rooms/14231430)
687768125161080215,https://www.airbnb.com/rooms/687768125161080215,133612752,Entire home,39.77143,-105.02028,2,1.0,3,5.0,12,155.0,0.83,23428.0,265.0,2,22.5,5.5,,Individual,No,No,Yes,No,No,No,1,581,[Cute stand-alone home near downtown](https://www.airbnb.com/rooms/687768125161080215)
32489204,https://www.airbnb.com/rooms/32489204,2995486,Entire home,39.77102,-105.03876,2,2.0,6,4.92,13,200.0,0.62,23336.0,256.0,29,34.0,1.0,,Small,No,No,Yes,Yes,No,No,0,425,[Brand New Berkeley 2bed/2bath Loft House!](https://www.airbnb.com/rooms/32489204)
43260435,https://www.airbnb.com/rooms/43260435,3484713,Entire home,39.75425,-105.02916,3,2.0,11,4.82,34,381.0,0.4,23283.0,365.0,29,14.0,29.0,,Small,No,No,Yes,Yes,No,No,0,685,[⭐️Luxurious Modern Sloan’s Lake/Highlands Monthly ⭐️](https://www.airbnb.com/rooms/43260435)
776858914746409698,https://www.airbnb.com/rooms/776858914746409698,10589820,Entire home,39.7684178647,-105.0317626848,2,1.0,4,5.0,18,110.0,0.92,23232.0,232.0,3,79.0,3.0,Moderate,Individual,No,No,Yes,No,No,No,1,604,[Stylish 2 bedroom in Highlands](https://www.airbnb.com/rooms/776858914746409698)
28695010,https://www.airbnb.com/rooms/28695010,172528574,Entire rental unit,39.77092,-105.02385,2,1.0,4,4.94,356,86.0,0.76,23026.0,354.0,1,71.5,2.0,High,Individual,No,No,No,No,No,No,0,412,[Cozy basement suite in historic 'hood!](https://www.airbnb.com/rooms/28695010)
52053171,https://www.airbnb.com/rooms/52053171,82535617,Entire home,39.76842,-105.03715,2,1.0,6,4.84,111,148.0,0.61,22377.0,328.0,1,13.5,2.0,Moderate,Individual,No,No,Yes,No,No,No,0,511,[Benni’s Highlands Bungalow](https://www.airbnb.com/rooms/52053171)
28914183,https://www.airbnb.com/rooms/28914183,182297861,Entire townhouse,39.75544,-105.01958,2,1.0,6,4.75,186,126.0,0.55,22100.0,273.0,2,35.0,2.0,High,Small,No,No,Yes,No,No,No,0,413,"[Sleeps 6, Near MileHigh/PepsiCntr, A/C, Parking](https://www.airbnb.com/rooms/28914183)"
681820756251091699,https://www.airbnb.com/rooms/681820756251091699,173712088,Entire guest suite,39.7694,-105.03953,2,1.0,4,4.91,47,191.0,0.44,22087.0,313.0,1,10.0,2.0,High,Individual,No,No,No,Yes,No,No,0,577,[Walkable Area | Backyard w/Fire | Near Downtown](https://www.airbnb.com/rooms/681820756251091699)
49800855,https://www.airbnb.com/rooms/49800855,237522800,Entire guest suite,39.77113,-105.0175,2,1.0,5,4.87,47,139.0,0.77,21904.0,297.0,2,46.0,5.0,Low,Individual,No,No,No,No,No,No,0,493,[The SUNNYSIDE house - 5 Mins. from downtown Denver](https://www.airbnb.com/rooms/49800855)
30189186,https://www.airbnb.com/rooms/30189186,7012234,Entire rental unit,39.77904,-105.03004,2,1.0,4,4.98,189,135.0,0.49,20671.0,329.0,7,4.0,3.5,Moderate,Individual,No,No,Yes,No,No,No,0,416,[Superb Basement Apartment Retreat in Prime Denver](https://www.airbnb.com/rooms/30189186)
22014975,https://www.airbnb.com/rooms/22014975,49381817,Entire townhouse,39.75393,-105.0192,2,3.0,6,4.88,32,250.0,0.42,20504.0,289.0,29,0.0,30.0,,Individual,No,No,Yes,Yes,No,No,0,396,[Modern Rooftop Centrally Located!!!!](https://www.airbnb.com/rooms/22014975)
52671258,https://www.airbnb.com/rooms/52671258,424588746,Entire guest suite,39.78206,-105.01708,2,1.0,6,4.65,74,134.0,0.69,20101.0,289.0,1,13.0,3.0,,Individual,No,No,No,No,No,No,0,518,[Cozy 2 Bed Suite in Quiet Sunnyside Neighborhood](https://www.airbnb.com/rooms/52671258)
578830238648617388,https://www.airbnb.com/rooms/578830238648617388,24798188,Entire home,39.7659,-105.05265,2,1.0,5,4.74,47,121.0,0.56,19991.0,348.0,1,15.0,4.0,High,Small,No,No,Yes,No,No,No,0,546,[West Highlands 2-BR Home Base | Fast Wi-Fi | WFH](https://www.airbnb.com/rooms/578830238648617388)
53571639,https://www.airbnb.com/rooms/53571639,55147127,Entire guest suite,39.75022,-105.03889,2,1.0,4,4.93,56,149.0,0.51,19978.0,321.0,1,25.0,3.0,Moderate,Small,No,No,No,No,No,No,0,535,[2Bed/1Bath Steps from Sloans Lake](https://www.airbnb.com/rooms/53571639)
46071432,https://www.airbnb.com/rooms/46071432,89883615,Entire guesthouse,39.77329,-105.01379,2,1.0,6,4.96,101,180.0,0.46,19940.0,354.0,1,18.0,3.0,,Small,No,No,Yes,No,No,No,0,460,[Private Sunnyside Apt - 2 Workspaces](https://www.airbnb.com/rooms/46071432)
50578114,https://www.airbnb.com/rooms/50578114,8410190,Entire guest suite,39.76153,-105.02761,2,1.0,2,4.95,19,125.0,0.65,19875.0,276.0,30,1.0,5.0,High,Small,No,No,Yes,No,No,No,0,502,[Highlands Guest Suite★2BR★Walk to Highlands Square](https://www.airbnb.com/rooms/50578114)
37707661,https://www.airbnb.com/rooms/37707661,45743788,Entire guest suite,39.75382,-105.02893,2,1.0,4,4.81,186,126.0,0.8,19800.0,210.0,30,25.0,4.0,High,Moderate,No,No,Yes,No,No,No,0,434,[EXPLORE CO-Private upper unit. Walk everywhere.](https://www.airbnb.com/rooms/37707661)
758924213163152709,https://www.airbnb.com/rooms/758924213163152709,39664417,Entire rental unit,39.7584158326,-105.046027489,2,1.0,4,4.55,71,132.0,0.71,19690.0,286.0,1,26.5,2.0,Moderate,Individual,No,No,No,No,No,No,1,599,"[Cute Garden Level 2-Bedroom, 1 bath](https://www.airbnb.com/rooms/758924213163152709)"
37586142,https://www.airbnb.com/rooms/37586142,1278574,Entire guest suite,39.7657938097,-105.017150901,2,1.0,4,4.8,65,75.0,0.9,18548.0,333.0,29,9.5,30.0,,Small,No,No,Yes,No,No,No,0,433,[LoHi Guesthouse Monthly Rental with 1GB Internet](https://www.airbnb.com/rooms/37586142)
24349679,https://www.airbnb.com/rooms/24349679,70563805,Entire condo,39.75615,-105.0116,2,2.0,4,4.83,224,135.0,0.82,18063.0,226.0,29,8.0,18.0,,Large,No,No,Yes,Yes,No,No,0,401,[Stylish Condo W/ Balcony In Heart Of Popular LoHi](https://www.airbnb.com/rooms/24349679)
43259954,https://www.airbnb.com/rooms/43259954,75621021,Entire home,39.76919,-105.03645,2,1.0,5,4.72,86,120.0,0.77,17662.0,302.0,29,61.0,13.0,,Small,No,No,Yes,Yes,No,No,0,449,[Dog Friendly & 420 Friendly Two bedroom apartment](https://www.airbnb.com/rooms/43259954)
1041934,https://www.airbnb.com/rooms/1041934,5811115,Entire guest suite,39.78027,-105.03808,2,1.0,4,4.89,38,214.0,0.76,17584.0,259.0,30,36.0,30.0,Moderate,Small,No,No,Yes,Yes,No,Yes,0,352,"[Private apt in Berkeley, MTN Views!](https://www.airbnb.com/rooms/1041934)"
8951180,https://www.airbnb.com/rooms/8951180,976565,Entire bungalow,39.75513,-105.02931,3,1.0,6,4.76,21,174.0,0.86,17463.0,190.0,29,56.0,31.0,Moderate,Individual,No,No,Yes,Yes,No,No,0,658,[Updated Highlands Bungalow *5 min to downtown*](https://www.airbnb.com/rooms/8951180)
39914868,https://www.airbnb.com/rooms/39914868,90602667,Entire home,39.76172,-105.02813,2,1.0,4,4.56,77,72.0,0.81,16957.0,256.0,1,39.0,2.0,,Small,No,No,No,No,No,No,0,441,[Rooms @ Highland Park 1&2](https://www.airbnb.com/rooms/39914868)
36235699,https://www.airbnb.com/rooms/36235699,17528370,Entire home,39.7651,-105.01248,2,1.0,5,4.96,26,89.0,0.7,15805.0,298.0,30,3.0,29.0,,Small,No,No,Yes,Yes,No,No,0,430,[* Amazing Location * * A Real Home - NOT A CONDO *](https://www.airbnb.com/rooms/36235699)
11123088,https://www.airbnb.com/rooms/11123088,57793441,Entire home,39.75681,-105.02667,2,1.0,4,4.93,105,107.0,0.63,15116.0,232.0,29,40.0,30.0,Low,Individual,No,No,Yes,Yes,No,No,0,369,[Denver Highlands Haven](https://www.airbnb.com/rooms/11123088)
21242678,https://www.airbnb.com/rooms/21242678,118734623,Entire guesthouse,39.76062,-105.03918,3,1.0,5,4.92,91,185.0,0.6,14912.0,184.0,29,37.5,31.5,,Individual,No,No,Yes,No,No,No,0,665,"[Beautiful Highlands Home, perfect location](https://www.airbnb.com/rooms/21242678)"
12996773,https://www.airbnb.com/rooms/12996773,44105547,Private room in bungalow,39.77588,-105.02845,2,1.0,4,5.0,39,200.0,0.32,14584.0,224.0,3,53.0,4.5,,Small,No,No,No,No,No,No,0,374,N/A
36234276,https://www.airbnb.com/rooms/36234276,17528370,Entire home,39.7651,-105.01248,2,1.0,5,5.0,15,89.0,0.75,14312.0,276.0,30,0.0,20.0,,Small,No,No,Yes,Yes,No,No,0,429,[* A Real Home - Not a Condo. In a GR8 Quiet Area *](https://www.airbnb.com/rooms/36234276)
665622,https://www.airbnb.com/rooms/665622,3364096,Entire rental unit,39.7616,-105.01235,2,1.0,4,4.72,857,146.0,0.83,13967.0,197.0,29,32.0,29.0,,Small,No,No,Yes,No,No,No,0,351,[Cozy Central Loft -Walkable to Everything - 2BR](https://www.airbnb.com/rooms/665622)
1581384,https://www.airbnb.com/rooms/1581384,8410190,Entire rental unit,39.76779,-105.05005,2,1.0,2,4.63,84,124.0,0.81,13704.0,222.0,30,45.0,30.0,,Small,No,No,Yes,No,No,No,0,354,[2BR - West Highlands Sweet Retreat!](https://www.airbnb.com/rooms/1581384)
4180622,https://www.airbnb.com/rooms/4180622,5416557,Entire guesthouse,39.77658,-105.04629,2,1.0,3,4.93,239,150.0,0.34,13421.0,322.0,30,4.0,18.0,,Small,No,No,Yes,No,No,No,0,358,[Modern Guest House in Berkeley Lake](https://www.airbnb.com/rooms/4180622)
44694897,https://www.airbnb.com/rooms/44694897,17528370,Entire bungalow,39.765221,-105.012482,2,1.0,4,4.94,17,99.0,0.66,13274.0,289.0,30,21.0,30.5,,Small,No,No,Yes,Yes,No,No,0,455,[**LoHi BUNGALOW IN THE HEART OF DENVER**](https://www.airbnb.com/rooms/44694897)
13330646,https://www.airbnb.com/rooms/13330646,9759896,Entire home,39.7635,-105.02266,2,1.0,4,4.8,99,105.0,0.56,11880.0,206.0,30,37.0,39.0,Low,Small,No,No,Yes,No,No,No,0,376,[Prime LoHi Location. 2 bedroom+ den. 1 car garage.](https://www.airbnb.com/rooms/13330646)
16289371,https://www.airbnb.com/rooms/16289371,106558951,Entire condo,39.74888,-105.02169,2,1.0,6,4.93,16,155.0,0.38,11780.0,202.0,30,174.0,1.0,,Individual,No,No,Yes,Yes,No,No,0,384,[Heated Garage-New Furniture-New Building-Location!](https://www.airbnb.com/rooms/16289371)
45402923,https://www.airbnb.com/rooms/45402923,8410190,Entire rental unit,39.76637,-105.04934,2,1.0,2,4.6,10,124.0,0.58,10590.0,206.0,30,4.0,1.0,,Small,No,No,Yes,No,No,No,0,457,[2BR Spacious Sweet Retreat in West Highlands](https://www.airbnb.com/rooms/45402923)
37021434,https://www.airbnb.com/rooms/37021434,58071049,Entire guest suite,39.7818984985,-105.0155410767,2,1.0,3,5.0,10,73.0,0.77,10313.0,189.0,29,1.0,2.0,,Small,No,No,Yes,No,No,No,0,431,"[Brand NEW, Centrally Located Sunnyside Home!](https://www.airbnb.com/rooms/37021434)"
